word,property,label
ability,potential,association
ability,skill,association
ability,superpower,association
ability,talent,association
accusation,blame,association
accusation,courtroom,social
accusation,denial,emotion
accusation,finger,association
achievement,graduation,social
achievement,milestone,association
achievement,pride,emotion
achievement,trophy,association
activity,busy,emotion
activity,playground,social
activity,schedule,association
activity,sweat,sensorimotor
addiction,craving,emotion
addiction,dopamine,association
addiction,rehab,social
addiction,spiral,association
admiration,applause,social
admiration,gaze,sensorimotor
admiration,mentor,social
admiration,pedestal,association
advantage,chess,association
advantage,competition,social
advantage,head start,association
advantage,leverage,sensorimotor
adventure,compass,sensorimotor
adventure,jungle,sensorimotor
adventure,risk,emotion
adventure,treasure,association
advice,column,association
advice,mentor,social
advice,unwanted,association
advice,wisdom,emotion
agony,defeat,association
agony,fire,sensorimotor
agony,hospital,association
agony,scream,sensorimotor
agreement,contract,social
agreement,handshake,sensorimotor
agreement,nod,sensorimotor
agreement,signature,sensorimotor
amazement,child,social
amazement,fireworks,sensorimotor
amazement,gasp,sensorimotor
amazement,magic,association
ambition,hunger,emotion
ambition,ladder,association
ambition,mountain,association
ambition,sleepless,emotion
ambush,jungle,sensorimotor
ambush,predator,association
ambush,surprise,emotion
ambush,waiting,emotion
amusement,clown,association
amusement,laughter,sensorimotor
amusement,park,association
amusement,roller coaster,association
anger,fist,sensorimotor
anger,red,sensorimotor
anger,shout,sensorimotor
anger,volcano,sensorimotor
anxiety,chest tightness,sensorimotor
anxiety,deadline,association
anxiety,racing thoughts,emotion
anxiety,sweaty palms,sensorimotor
apology,flowers,association
apology,forgiveness,emotion
apology,letter,association
apology,regret,emotion
appearance,deceiving,association
appearance,first,association
appearance,interview,social
appearance,mirror,sensorimotor
appetite,buffet,sensorimotor
appetite,growling stomach,sensorimotor
appetite,hunger pangs,emotion
appetite,skipping lunch,association
application,form,association
application,job,association
application,rejection,emotion
application,software,association
aptitude,learning,association
aptitude,potential,association
aptitude,talent,association
aptitude,test,association
argument,courtroom,association
argument,debate,social
argument,evidence,association
argument,heated,association
art,canvas,sensorimotor
art,creativity,association
art,gallery,association
art,museum,association
aspect,facet,association
aspect,perspective,association
aspect,widescreen,association
assassination,conspiracy,association
assassination,history,association
assassination,shadows,association
assassination,target,association
assumption,hidden,association
assumption,leap,sensorimotor
assumption,math,association
assumption,wrong,association
astonishment,gasp,sensorimotor
astonishment,magic,association
astonishment,unexpected,association
astonishment,wide-eyed,sensorimotor
attack,heart,sensorimotor
attack,shield,association
attack,sudden,association
attack,wolves,sensorimotor
attention,classroom,social
attention,deficit,association
attention,grabbing,association
attention,spotlight,association
attraction,chemistry,association
attraction,gravity,association
attraction,magnet,association
attraction,rollercoaster,association
beauty,elegance,association
beauty,mirror,association
beauty,rose,sensorimotor
beauty,sunset,sensorimotor
being,alive,association
being,existence,association
being,human,association
being,presence,association
betrayal,knife,sensorimotor
betrayal,shadows,sensorimotor
betrayal,tears,emotion
betrayal,trust,emotion
blackmail,envelope,association
blackmail,leverage,association
blackmail,secret,association
blackmail,threat,emotion
boredom,scrolling,sensorimotor
boredom,waiting,emotion
boredom,yawn,sensorimotor
boycott,bus,association
boycott,grapes,association
boycott,petition,social
bravery,firefighter,association
bravery,lion,association
bravery,medal,association
bravery,war,association
career,ambition,emotion
career,ladder,association
career,promotion,social
career,resume,association
carefulness,glass,sensorimotor
carefulness,slow,sensorimotor
carefulness,surgeon,social
carefulness,tightrope,sensorimotor
catastrophe,debris,sensorimotor
catastrophe,earthquake,sensorimotor
catastrophe,headlines,association
catastrophe,insurance,association
caution,slow,sensorimotor
caution,tape,sensorimotor
caution,wet floor,sensorimotor
caution,yellow,sensorimotor
challenge,growth,association
challenge,mountain,sensorimotor
challenge,opponent,social
challenge,trophy,association
chaos,scattered papers,sensorimotor
chaos,storm,sensorimotor
chaos,traffic jam,sensorimotor
chaos,unraveling,association
character,actor,association
character,alphabet,association
character,moral,association
character,novel,association
charm,bracelet,sensorimotor
charm,luck,association
charm,smile,sensorimotor
charm,spell,association
comfort,blanket,sensorimotor
comfort,couch,sensorimotor
comfort,home,association
comfort,warm,sensorimotor
commitment,dedication,emotion
commitment,long-term,association
commitment,promise,emotion
commitment,ring,association
comparison,chart,association
comparison,mirror,sensorimotor
comparison,shopping,association
comparison,sibling,social
compassion,listening,sensorimotor
compassion,nurse,social
compassion,shelter,sensorimotor
compassion,warm,sensorimotor
competence,certificate,association
competence,confidence,emotion
competence,job interview,social
competence,mastery,association
compromise,middle ground,association
compromise,negotiation,social
compromise,relationship,social
compromise,sacrifice,emotion
compulsion,gambling,association
compulsion,handwashing,sensorimotor
compulsion,itch,sensorimotor
compulsion,repeat,association
confession,booth,sensorimotor
confession,guilt,emotion
confession,priest,association
confession,secret,social
conflict,battlefield,sensorimotor
conflict,resolution,association
conflict,siblings,social
conflict,tension,emotion
consideration,decision-making,association
consideration,kindness,emotion
consideration,pause,association
consideration,thoughtful,emotion
consolation,loss,emotion
consolation,prize,association
consolation,shoulder,sensorimotor
consolation,tears,sensorimotor
contempt,courtroom,social
contempt,disgust,emotion
contempt,dismissive,emotion
contempt,sneer,social
convention,ballroom,social
convention,cosplay,social
convention,delegates,social
convention,nametag,sensorimotor
cooperation,ants,association
cooperation,handshake,sensorimotor
cooperation,puzzle pieces,sensorimotor
cooperation,teamwork,social
courage,cliff,sensorimotor
courage,firefighter,association
courage,heartbeat,sensorimotor
courage,lion,association
creativity,brainstorm,association
creativity,innovation,association
creativity,paintbrush,sensorimotor
creativity,spark,association
crime,alley,sensorimotor
crime,detective,association
crime,fingerprint,association
crime,siren,sensorimotor
criticism,improvement,association
criticism,red pen,association
criticism,review,association
criticism,sting,sensorimotor
cruelty,cage,sensorimotor
cruelty,cold,sensorimotor
cruelty,helpless,emotion
cruelty,laughter,sensorimotor
culture,bacteria,association
culture,museum,association
culture,petri dish,association
culture,traditions,association
curiosity,cat,association
curiosity,child,sensorimotor
curiosity,exploration,association
curiosity,question,association
custom,border,association
custom,handmade,association
custom,tailored,association
custom,tradition,association
danger,adrenaline,emotion
danger,cliff,sensorimotor
danger,red,sensorimotor
danger,warning,association
death,finality,association
death,funeral,social
death,grief,emotion
death,silence,sensorimotor
decision,crossroads,sensorimotor
decision,final,association
decision,hesitation,emotion
decision,voting,association
demand,negotiation,social
demand,protest,social
demand,supply,association
demand,urgent,association
desire,flame,association
desire,forbidden,association
desire,longing,emotion
desire,pursuit,association
desperation,cliff,sensorimotor
desperation,hollow,emotion
desperation,last-chance,association
desperation,sweat,sensorimotor
destruction,aftermath,association
destruction,demolition,sensorimotor
destruction,fire,sensorimotor
destruction,rubble,association
detection,clue,association
detection,hidden,association
detection,magnifying glass,sensorimotor
detection,radar,sensorimotor
dictatorship,fear,emotion
dictatorship,military,association
dictatorship,oppression,association
dictatorship,propaganda,association
difference,contrast,association
difference,math,association
difference,opinion,association
difference,unique,association
difficulty,mountain,sensorimotor
difficulty,obstacle,sensorimotor
difficulty,puzzle,sensorimotor
difficulty,sweat,sensorimotor
dignity,courtroom,association
dignity,elderly,social
dignity,posture,sensorimotor
dignity,respect,emotion
diligence,ant,sensorimotor
diligence,midnight,sensorimotor
diligence,steady,sensorimotor
disadvantage,competition,social
disadvantage,obstacle,sensorimotor
disadvantage,starting line,association
disadvantage,underdog,association
disappointment,expectations,emotion
disappointment,failing,association
disappointment,slumped,association
disappointment,tears,sensorimotor
discovery,curiosity,emotion
discovery,eureka,association
discovery,map,sensorimotor
discovery,telescope,sensorimotor
disgust,cockroach,sensorimotor
disgust,rotten food,sensorimotor
disgust,vomit,sensorimotor
disgust,wrinkled nose,sensorimotor
dismay,bad news,association
dismay,dropped jaw,sensorimotor
dismay,sinking feeling,emotion
dismay,unexpected,emotion
dispute,courtroom,social
dispute,fence,sensorimotor
dispute,neighbors,social
dispute,resolution,association
distance,horizon,sensorimotor
distance,longing,emotion
distance,marathon,association
distance,stars,sensorimotor
distraction,daydream,emotion
distraction,noise,sensorimotor
distraction,phone,sensorimotor
distraction,squirrel,sensorimotor
diversity,ecosystem,association
diversity,mosaic,association
diversity,rainbow,association
diversity,workplace,social
doubt,crossroads,association
doubt,hesitation,emotion
doubt,question,sensorimotor
doubt,shadow,association
downfall,empire,association
downfall,hubris,association
downfall,stairs,sensorimotor
downfall,tragic,association
dream,aspiration,emotion
dream,clouds,sensorimotor
dream,nightmare,emotion
dream,sleep,sensorimotor
duty,obligation,association
duty,soldier,association
duty,tax,association
duty,uniform,association
eagerness,doorbell,sensorimotor
eagerness,leaning,sensorimotor
eagerness,sunrise,sensorimotor
effort,climb,sensorimotor
effort,determination,emotion
effort,exhaustion,emotion
effort,sweat,sensorimotor
elegance,pearls,sensorimotor
elegance,simplicity,association
elegance,swan,sensorimotor
emotion,heart,sensorimotor
emotion,outburst,association
emotion,rollercoaster,association
emotion,tears,sensorimotor
enchantment,castle,sensorimotor
enchantment,fairy,association
enchantment,forest,sensorimotor
enchantment,spell,association
enthusiasm,cheerleader,social
enthusiasm,contagious,association
enthusiasm,puppy,sensorimotor
enthusiasm,spark,association
envy,comparison,association
envy,desire,emotion
envy,green,sensorimotor
envy,neighbor,social
error,404,sensorimotor
error,mistake,association
error,red underline,sensorimotor
error,trial,association
event,calendar,association
event,celebration,social
event,crowd,social
event,tickets,association
excitement,butterflies,association
excitement,jumping,sensorimotor
excitement,rollercoaster,association
excitement,surprise,emotion
expectation,disappointment,emotion
expectation,pressure,emotion
expectation,surprise,emotion
expectation,waiting,emotion
experience,adventure,association
experience,learning,association
experience,resume,association
experience,wisdom,emotion
explanation,confusion,emotion
explanation,diagram,association
explanation,patience,emotion
explanation,teacher,social
exploitation,loophole,association
exploitation,mining,sensorimotor
exploitation,vulnerability,emotion
exploitation,workers,association
faithfulness,dog,sensorimotor
faithfulness,prayer,association
faithfulness,waiting,emotion
faithfulness,wedding,social
fantasy,castle,sensorimotor
fantasy,daydream,emotion
fantasy,dragon,sensorimotor
fantasy,escape,association
fate,crossroads,sensorimotor
fate,inevitable,association
fate,stars,sensorimotor
fate,thread,association
fear,darkness,sensorimotor
fear,escape,association
fear,spider,sensorimotor
fear,sweating,sensorimotor
fight,adrenaline,emotion
fight,boxing ring,sensorimotor
fight,bruise,sensorimotor
fight,siblings,social
fitness,gym,association
fitness,muscles,sensorimotor
fitness,sweat,sensorimotor
fitness,treadmill,sensorimotor
flexibility,contortionist,association
flexibility,rubber band,sensorimotor
flexibility,schedule,association
flexibility,yoga,sensorimotor
force,gravity,association
force,jedi,association
force,military,association
force,push,association
forgiveness,apology,emotion
forgiveness,church,association
forgiveness,letting go,emotion
forgiveness,relief,emotion
freedom,bird,sensorimotor
freedom,breaking chains,sensorimotor
freedom,flag,association
freedom,open road,sensorimotor
fright,darkness,sensorimotor
fright,goosebumps,emotion
fright,haunted house,association
fright,scream,sensorimotor
frustration,clenched fists,sensorimotor
frustration,slow internet,association
frustration,tangled headphones,association
frustration,traffic,association
fun,games,social
fun,laughter,sensorimotor
fun,party,social
fun,playground,social
fury,clenched fists,sensorimotor
fury,red,sensorimotor
fury,storm,sensorimotor
fury,unleashed,association
future,calendar,association
future,flying cars,sensorimotor
future,hope,emotion
future,unknown,association
genius,breakthrough,association
genius,einstein,association
genius,lightbulb,association
genius,madness,emotion
glory,anthem,association
glory,battlefield,association
glory,gold,association
glory,sunrise,sensorimotor
grace,ballet,sensorimotor
grace,prayer,sensorimotor
grace,stumble,association
grace,swan,sensorimotor
gratitude,giving back,social
gratitude,thank-you card,social
gratitude,thanksgiving,social
gratitude,warmth,emotion
greed,gold,sensorimotor
greed,hoarding,association
greed,pig,association
greed,wall street,association
guess,blindfold,sensorimotor
guess,estimate,association
guess,lottery,association
guess,riddle,association
habit,breaking,association
habit,monk,association
habit,nail-biting,sensorimotor
habit,routine,association
happiness,birthday,association
happiness,butterflies,association
happiness,laughter,sensorimotor
happiness,sunshine,sensorimotor
hate,clenched fists,sensorimotor
hate,darkness,sensorimotor
hate,fire,sensorimotor
hate,poison,sensorimotor
help,button,association
help,emergency,association
help,hand,association
help,volunteer,association
hint,clue,association
hint,mystery,association
hint,subtle,association
hint,whisper,sensorimotor
home,cooking,sensorimotor
home,family,social
home,keys,association
home,warmth,sensorimotor
honor,graduation,social
honor,integrity,association
honor,knight,association
honor,salute,social
hope,anchor,association
hope,tomorrow,association
hope,whisper,association
horror,blood,sensorimotor
horror,darkness,sensorimotor
horror,haunted,association
horror,scream,sensorimotor
humor,comedian,association
humor,laughter,sensorimotor
humor,relief,emotion
humor,timing,association
hunger,africa,association
hunger,growling,sensorimotor
hunger,lunch,association
hunger,stomach,sensorimotor
hurry,clock,association
hurry,late,association
hurry,running,sensorimotor
hurry,stress,association
idea,brainstorm,association
idea,lightbulb,association
idea,notebook,association
idea,spark,association
ideal,dream,emotion
ideal,perfection,association
ideal,standard,association
ideal,utopia,association
illusion,desert,association
illusion,magician,association
illusion,mirror,association
illusion,smoke,association
impression,artist,association
impression,fingerprint,sensorimotor
impression,first,association
impression,lasting,association
incentive,bonus,association
incentive,carrot,association
incentive,motivation,association
incentive,reward,association
independence,declaration,association
independence,flag,association
independence,freedom,emotion
independence,teenager,association
indifference,gray,association
indifference,shrug,sensorimotor
indifference,silence,sensorimotor
indifference,stranger,social
influence,lobbyist,association
influence,mentor,social
influence,power,association
influence,ripple,association
insanity,asylum,social
insanity,laughter,emotion
insanity,mirrors,association
insanity,spiral,association
insight,breakthrough,association
insight,detective,association
insight,lightbulb,association
insight,meditation,emotion
insult,comedian,association
insult,playground,social
insult,pride,emotion
insult,slap,sensorimotor
insurrection,capitol,association
insurrection,flames,sensorimotor
insurrection,overthrow,association
insurrection,uprising,association
intention,arrow,association
intention,deliberate,association
intention,goal,association
intention,plan,association
interest,curiosity,emotion
interest,hobby,association
interest,loan,association
interest,spark,association
invention,eureka,association
invention,lightbulb,association
invention,patent,association
invention,workshop,social
jealousy,comparison,association
jealousy,green,association
jealousy,romance,emotion
jealousy,sibling,social
joy,celebration,emotion
joy,children,social
joy,laughter,sensorimotor
joy,sunshine,sensorimotor
judgement,courtroom,social
judgement,criticism,social
judgement,gavel,sensorimotor
judgement,scales,sensorimotor
justice,blindfold,association
justice,courtroom,sensorimotor
justice,gavel,sensorimotor
justice,scales,sensorimotor
justification,alignment,association
justification,court,social
justification,excuse,emotion
justification,reasoning,association
kindness,giving,social
kindness,smile,sensorimotor
kindness,stranger,social
kindness,warm,sensorimotor
knowledge,ancient,association
knowledge,discovery,association
knowledge,library,sensorimotor
knowledge,power,association
love,forever,association
love,heart,sensorimotor
love,roses,association
love,warmth,emotion
luck,casino,association
luck,chance,association
luck,clover,association
luck,horseshoe,association
lust,heat,sensorimotor
lust,red,sensorimotor
lust,temptation,emotion
luxury,champagne,sensorimotor
luxury,penthouse,association
luxury,velvet,sensorimotor
luxury,yacht,association
magic,illusion,association
magic,rabbit,association
magic,sparkle,sensorimotor
magic,wand,association
manipulation,control,association
manipulation,deceit,association
manipulation,puppet,association
manipulation,strings,association
manners,etiquette,association
manners,grandmother,social
manners,please,association
manners,table,association
matter,atoms,association
matter,dark,association
matter,gray,sensorimotor
matter,importance,association
meanness,bully,social
meanness,loneliness,emotion
meanness,playground,association
meanness,sharp words,emotion
memory,childhood,association
memory,elephant,association
memory,foggy,sensorimotor
memory,photograph,sensorimotor
menace,looming,association
menace,shadow,sensorimotor
menace,threat,emotion
menace,villain,social
mercy,judge,association
mercy,kneeling,sensorimotor
mercy,rain,sensorimotor
mercy,white,sensorimotor
miracle,birth,sensorimotor
miracle,faith,emotion
miracle,healing,emotion
miracle,unexpected,association
misdemeanor,fine,association
misdemeanor,jaywalking,association
misdemeanor,record,association
misery,cold,sensorimotor
misery,company,social
misery,rain,sensorimotor
misery,tears,sensorimotor
mockery,imitation,association
mockery,laughter,sensorimotor
mockery,playground,association
mockery,sneer,social
model,blueprint,sensorimotor
model,clay,sensorimotor
model,pose,sensorimotor
model,runway,sensorimotor
moment,breath,sensorimotor
moment,pause,association
moment,snapshot,association
mood,lighting,sensorimotor
mood,ring,association
mood,swing,emotion
mood,teenager,association
mourning,black,sensorimotor
mourning,funeral,social
mourning,tears,emotion
mourning,widow,association
need,desperate,emotion
need,essential,association
need,hunger,emotion
need,want,emotion
nervousness,butterflies,association
nervousness,job interview,social
nervousness,pacing,emotion
nervousness,sweaty palms,sensorimotor
nightmare,chase,sensorimotor
nightmare,falling,sensorimotor
nightmare,scream,sensorimotor
nightmare,sweat,sensorimotor
notion,fleeting,sensorimotor
notion,lightbulb,association
notion,philosophy,association
notion,whim,association
obedience,dog,sensorimotor
obedience,rules,association
obedience,soldier,association
obedience,training,association
objection,courtroom,association
objection,lawyer,association
objection,overruled,association
objection,raised hand,sensorimotor
obligation,burden,emotion
obligation,contract,social
obligation,deadline,association
obligation,handshake,social
observation,notes,sensorimotor
observation,scientist,association
observation,telescope,sensorimotor
observation,window,association
occupation,career,association
occupation,desk,association
occupation,invasion,association
occupation,military,association
order,chaos,association
order,judge,association
order,restaurant,social
order,sequence,association
ostracism,ancient,association
ostracism,invisible,association
ostracism,playground,association
ostracism,silence,sensorimotor
overview,dashboard,association
overview,presentation,social
overview,summary,association
pain,hospital,association
pain,relief,emotion
pain,sharp,association
pain,tears,emotion
panic,alarm,emotion
panic,crowd,social
panic,escape,sensorimotor
panic,sweaty palms,sensorimotor
pardon,forgiveness,emotion
pardon,interruption,association
pardon,queen,association
pardon,sneeze,association
passion,fire,association
passion,heartbeat,sensorimotor
passion,midnight,association
passion,red,sensorimotor
past,history,association
past,memories,emotion
past,photographs,sensorimotor
past,regret,emotion
peace,dove,association
peace,meditation,social
peace,silence,sensorimotor
peace,treaty,association
perception,blind spot,sensorimotor
perception,illusion,association
perception,lens,sensorimotor
perception,reality,association
perfection,diamond,association
perfection,gymnast,sensorimotor
perfection,obsession,emotion
perfection,unattainable,association
performance,applause,social
performance,nerves,emotion
performance,spotlight,association
performance,stage,association
perspective,argument,social
perspective,glasses,sensorimotor
perspective,mountain,association
perspective,window,sensorimotor
plan,blueprint,association
plan,calendar,association
plan,future,association
plan,strategy,association
pleasure,chocolate,sensorimotor
pleasure,laughter,sensorimotor
pleasure,vacation,association
pleasure,warmth,emotion
potential,energy,association
potential,growth,association
potential,interview,social
potential,untapped,association
poverty,empty pockets,sensorimotor
poverty,hunger,sensorimotor
poverty,shelter,sensorimotor
poverty,struggle,sensorimotor
power,electricity,sensorimotor
power,muscles,sensorimotor
power,outage,association
power,throne,association
prediction,crystal ball,association
prediction,fortune teller,association
prediction,future,association
prediction,weather forecast,association
present,birthday,association
present,bow,sensorimotor
present,moment,association
present,wrapping,sensorimotor
pride,achievement,association
pride,lion,association
pride,parade,association
pride,rainbow,association
problem,headache,sensorimotor
problem,math,association
problem,puzzle,association
problem,solution,association
prohibition,1920s,association
prohibition,bootlegger,association
prohibition,speakeasy,association
prohibition,temperance,emotion
promise,broken,association
promise,pinky,association
promise,ring,association
promise,wedding,social
proof,alcohol,association
proof,detective,association
proof,pudding,association
proposal,champagne,association
proposal,knee,association
proposal,nervous,emotion
proposal,ring,sensorimotor
prosperity,champagne,association
prosperity,gold,association
prosperity,harvest,association
prosperity,mansion,association
protection,armor,sensorimotor
protection,insurance,association
protection,shield,sensorimotor
protection,sunscreen,sensorimotor
protest,chanting,association
protest,march,sensorimotor
protest,police,social
protest,signs,sensorimotor
provocation,anger,emotion
provocation,argument,social
provocation,challenge,association
provocation,red flag,association
punishment,consequence,association
punishment,corner,association
punishment,grounded,association
punishment,judge,social
quality,craftsmanship,sensorimotor
quality,diamond,association
quality,inspection,association
quality,premium,association
quantity,discount,association
quantity,inventory,association
quantity,measuring cup,sensorimotor
quantity,overflow,sensorimotor
rage,fire,association
rage,fist,sensorimotor
rage,red,sensorimotor
rage,scream,sensorimotor
realization,dawn,association
realization,gasp,sensorimotor
realization,lightbulb,association
realization,sudden,association
reassurance,tight embrace,social
reassurance,warm hand,sensorimotor
reassurance,whispered words,sensorimotor
recommendation,algorithm,association
recommendation,letter,social
recommendation,netflix,association
recommendation,trust,emotion
recovery,hospital,social
recovery,journey,association
recovery,phoenix,association
recovery,strength,emotion
regard,consideration,emotion
regard,esteem,emotion
regard,gaze,sensorimotor
regard,letter,association
regret,apology,social
regret,hindsight,association
regret,missed opportunity,association
regret,sleepless nights,emotion
relief,deadline,association
relief,medication,association
relief,mountain,association
relief,sigh,emotion
remorse,apology,social
remorse,guilt,emotion
remorse,heavy,association
remorse,sleepless,sensorimotor
requirement,application,association
requirement,checklist,association
requirement,deadline,association
requirement,mandatory,association
resemblance,genetics,association
resemblance,mirror,association
resemblance,photograph,association
resemblance,twins,social
resistance,antibiotics,association
resistance,electricity,association
resistance,rebel,social
resistance,workout,sensorimotor
resolution,conflict,social
resolution,determination,emotion
resolution,january,association
resolution,pixels,association
respect,boundaries,association
respect,bow,sensorimotor
respect,earned,association
respect,elder,social
responsibility,adulting,association
responsibility,deadline,association
responsibility,keys,association
responsibility,weight,sensorimotor
retaliation,anger,emotion
retaliation,feud,social
retaliation,strike,association
retaliation,war,association
revenge,betrayal,social
revenge,cold,association
revenge,plot,association
revenge,satisfaction,emotion
revolution,change,sensorimotor
revolution,fist,association
revolution,france,association
revolution,wheel,association
risk,cliff,sensorimotor
risk,gamble,association
risk,insurance,association
risk,reward,association
ritual,ancient,association
ritual,candle,sensorimotor
ritual,midnight,association
ritual,repetition,association
romantic,candlelight,sensorimotor
romantic,paris,association
romantic,roses,sensorimotor
romantic,sunset,sensorimotor
safety,helmet,sensorimotor
safety,home,social
safety,net,association
safety,precaution,association
satisfaction,checkbox,association
satisfaction,full stomach,emotion
satisfaction,paycheck,association
satisfaction,sigh,sensorimotor
scheme,blueprint,sensorimotor
scheme,plan,association
scheme,plotting,emotion
scheme,villain,association
self-dependence,cabin,association
self-dependence,confidence,association
self-dependence,garden,association
self-dependence,survival,association
sensation,goosebumps,emotion
sensation,newspaper,association
sensation,tingling,sensorimotor
sensation,viral,social
sensitivity,allergy,association
sensitivity,camera,association
sensitivity,emotions,emotion
shame,blush,emotion
shame,downcast,sensorimotor
shame,hiding,sensorimotor
shame,secret,association
shyness,blushing,emotion
shyness,corner,association
shyness,wallflower,association
shyness,whisper,sensorimotor
skill,craft,association
skill,mastery,association
skill,practice,association
skill,talent,association
slapstick,banana peel,association
slapstick,chaplin,association
slapstick,pie,association
slapstick,pratfall,sensorimotor
solitude,cabin,association
solitude,mountains,association
solitude,reading,association
solitude,silence,sensorimotor
stimulus,check,association
stimulus,economics,association
stimulus,reflex,sensorimotor
stimulus,response,association
stress,coffee,association
stress,deadline,association
stress,headache,emotion
stress,insomnia,emotion
success,champagne,association
success,climbing,sensorimotor
success,graduation,association
success,trophy,association
suffering,endurance,emotion
suffering,hospital,association
suffering,relief,emotion
suffering,tears,sensorimotor
support,bra,sensorimotor
support,cheerleading,social
support,foundation,association
support,pillar,sensorimotor
surprise,birthday,association
surprise,confetti,sensorimotor
surprise,gasp,sensorimotor
surprise,hidden,association
talent,hidden,association
talent,natural,association
talent,scout,association
talent,stage,association
task,checklist,association
task,completion,association
task,deadline,social
task,effort,emotion
terrorism,explosion,sensorimotor
terrorism,fear,emotion
terrorism,news,association
terrorism,security,association
theory,blackboard,sensorimotor
theory,conspiracy,association
theory,einstein,association
theory,proof,association
thirst,cracked lips,sensorimotor
thirst,desert,sensorimotor
thirst,summer,sensorimotor
thirst,water bottle,sensorimotor
thought,bubble,association
thought,deep,association
thought,lost,association
thought,shower,association
threat,danger,emotion
threat,letter,association
threat,looming,association
threat,warning,association
tradition,candles,sensorimotor
tradition,family,social
tradition,grandmother,social
tradition,holiday,association
trend,fashion,association
trend,graph,association
trend,hashtag,association
trend,viral,association
trust,broken,association
trust,fall,association
trust,foundation,association
trust,handshake,sensorimotor
value,math,association
value,price,association
value,treasure,association
value,worthy,association
vanity,license plate,association
vanity,lipstick,sensorimotor
vanity,mirror,sensorimotor
vanity,peacock,association
victory,confetti,sensorimotor
victory,fist,sensorimotor
victory,podium,association
victory,trophy,association
view,mountain,sensorimotor
view,opinion,association
view,telescope,sensorimotor
view,window,association
violation,boundary,association
violation,red,sensorimotor
violation,shatter,sensorimotor
violation,ticket,association
violence,fist,sensorimotor
violence,red,sensorimotor
violence,shattered glass,sensorimotor
violence,silence,sensorimotor
war,destruction,emotion
war,smoke,sensorimotor
war,soldiers,association
war,trenches,sensorimotor
warning,danger,association
warning,label,sensorimotor
warning,siren,sensorimotor
warning,yellow,sensorimotor
weakness,chocolate,sensorimotor
weakness,confession,emotion
weakness,knees,sensorimotor
weakness,kryptonite,association
wealth,gold,sensorimotor
wealth,inheritance,association
wealth,mansion,association
wealth,stocks,association
welfare,check,association
welfare,children,social
welfare,government,association
welfare,safety,association
will,determination,association
will,future,association
will,power,association
will,testament,association
willingness,handshake,social
willingness,nod,sensorimotor
willingness,open door,association
willingness,volunteer,association
wish,birthday,association
wish,dandelion,association
wish,star,association
wish,well,association
wit,banter,association
wit,clever,association
wit,humor,emotion
wit,sharp,association
wonder,child,association
wonder,curiosity,emotion
wonder,magic,association
wonder,stargazing,sensorimotor
work,coffee,sensorimotor
work,commute,sensorimotor
work,deadline,association
work,desk,sensorimotor
worry,mother,social
worry,sleepless,emotion
worry,stomach,sensorimotor
worry,wrinkles,sensorimotor
achievement,applause,social
achievement,finish line,association
addiction,withdrawal,emotion
admiration,hero,social
adventure,backpack,sensorimotor
adventure,campfire,sensorimotor
adventure,map,sensorimotor
advice,crossroads,sensorimotor
amazement,plot twist,association
amazement,wide eyes,sensorimotor
ambition,skyscraper,sensorimotor
ambition,trophy,association
ambush,camouflage,association
amusement,carnival,association
amusement,rollercoaster,association
anger,clenched fists,sensorimotor
anger,raised voice,sensorimotor
anxiety,sleepless nights,emotion
apology,handshake,sensorimotor
apology,tears,sensorimotor
appearance,makeup,sensorimotor
appearance,stage,social
appetite,empty plate,sensorimotor
application,deadline,association
application,job interview,social
aptitude,puzzle,association
argument,logic,association
assumption,misunderstanding,association
assumption,shortcut,association
assumption,stereotype,association
astonishment,dropped jaw,sensorimotor
astonishment,wide eyes,sensorimotor
attack,alarm,association
attack,panic,emotion
attack,siren,sensorimotor
attention,raised hand,association
being,breathing,sensorimotor
blackmail,fear,emotion
boredom,doodling,sensorimotor
boycott,picket signs,association
bravery,battlefield,social
career,interview,social
catastrophe,evacuation,association
catastrophe,sirens,sensorimotor
challenge,deadline,association
challenge,puzzle,sensorimotor
chaos,broken glass,sensorimotor
character,handwriting,sensorimotor
charm,rabbit’s foot,association
comfort,fireplace,sensorimotor
comparison,sibling rivalry,social
compassion,charity,association
competence,promotion,social
competence,toolbox,sensorimotor
compromise,handshake,sensorimotor
compulsion,locked door,sensorimotor
conflict,stress,emotion
consolation,trophy,sensorimotor
contempt,eye-roll,sensorimotor
convention,keynote,association
cooperation,group project,social
courage,battlefield,association
crime,evidence,association
crime,police,association
crime,prison,association
cruelty,cold stare,emotion
culture,festival,association
curiosity,telescope,sensorimotor
danger,cliff edge,sensorimotor
danger,siren,sensorimotor
demand,deadline,association
desire,chocolate,sensorimotor
destruction,wildfire,sensorimotor
detection,microscope,sensorimotor
dictatorship,censorship,association
dictatorship,curfew,association
difference,argument,social
difference,equation,association
dignity,straight posture,sensorimotor
diligence,homework,association
disappointment,broken promise,association
discovery,treasure map,sensorimotor
dispute,contract,social
dispute,shouting,sensorimotor
distance,telescope,sensorimotor
distraction,phone notifications,sensorimotor
diversity,classroom,social
downfall,scandal,association
dream,flying,sensorimotor
dream,pillow,sensorimotor
effort,late nights,sensorimotor
effort,marathon,association
elegance,ballroom,social
emotion,diary,association
emotion,heartbeat,sensorimotor
enchantment,moonlight,sensorimotor
enthusiasm,bright colors,sensorimotor
error,404-page,sensorimotor
error,red-underline,sensorimotor
event,fireworks,sensorimotor
event,schedule,association
event,ticket,association
excitement,fireworks,sensorimotor
excitement,heartbeat,sensorimotor
experience,internship,association
faithfulness,lifelong_marriage,association
faithfulness,wedding_ring,association
fantasy,magic,association
fantasy,quest,association
fate,prophecy,association
fate,tarot,association
fear,heartbeat,sensorimotor
fear,hiding,emotion
fear,scream,sensorimotor
fight,shouting,sensorimotor
fright,heartbeat,sensorimotor
fun,birthday party,social
fun,rollercoaster,social
fury,shattered glass,sensorimotor
future,graduation,social
glory,spotlight,association
glory,trophy,association
greed,casino,association
guess,mystery,association
guess,surprise,emotion
habit,toothbrush,sensorimotor
happiness,smile,sensorimotor
hate,revenge,emotion
hint,puzzle,association
home,fireplace,sensorimotor
honor,ceremony,social
honor,medal,association
hope,lottery ticket,association
hurry,missed train,association
hurry,spilled coffee,association
idea,invention,association
illusion,funhouse mirror,association
incentive,sales target,association
independence,fireworks,association
indifference,blank stare,sensorimotor
influence,peer pressure,social
insanity,chaos,association
insurrection,barricades,sensorimotor
insurrection,tear gas,association
intention,compass,association
intention,steering wheel,association
invention,laboratory,association
jealousy,suspicion,emotion
joy,dancing,sensorimotor
judgement,jury,social
justification,courtroom,sensorimotor
justification,debate,social
love,marriage,social
love,sacrifice,emotion
luck,four-leaf clover,association
luck,lottery ticket,association
luck,rabbit’s foot,association
luxury,silk sheets,sensorimotor
manipulation,chessboard,association
manners,dinner table,social
manners,grandparents,social
manners,napkin,sensorimotor
menace,growl,sensorimotor
mercy,prayer,association
miracle,lottery,association
misdemeanor,community service,association
misdemeanor,courtroom,social
misdemeanor,traffic ticket,association
moment,decision,association
moment,silence,sensorimotor
mood,playlist,sensorimotor
need,money,association
need,shelter,sensorimotor
nervousness,racing heart,sensorimotor
obedience,classroom,social
obedience,leash,association
objection,gavel,association
objection,interruption,association
obligation,family,social
obligation,guilt,emotion
obligation,promise,association
occupation,salary,association
ostracism,loneliness,social
overview,map,association
pain,needle,sensorimotor
pain,scream,sensorimotor
pardon,courtroom,association
passion,violin,association
perfection,pressure,sensorimotor
perfection,symmetry,association
performance,audience,social
perspective,vanishing point,association
plan,meeting,social
potential,seed,association
poverty,secondhand clothes,sensorimotor
present,ribbon,sensorimotor
present,surprise,emotion
present,wrapping paper,sensorimotor
problem,homework,association
promise,campaign speech,association
promise,pinky-swear,association
proof,courtroom,social
proposal,marriage,association
proposal,slideshow,association
prosperity,celebration,social
prosperity,skyscrapers,association
protection,helmet,sensorimotor
punishment,courtroom,social
punishment,detention,sensorimotor
punishment,guilt,emotion
quality,checklist,association
rage,clenched fists,sensorimotor
rage,storm,association
realization,mirror,association
reassurance,smile,sensorimotor
recovery,hospital bed,sensorimotor
recovery,physical therapy,sensorimotor
remorse,apology letter,social
remorse,heavy chest,emotion
remorse,sleepless night,sensorimotor
requirement,exam,association
resolution,peace treaty,social
respect,teacher,social
responsibility,mortgage,association
responsibility,parenthood,social
responsibility,promise,association
retaliation,escalation,association
revolution,guillotine,association
revolution,spinning gears,sensorimotor
risk,startup,association
ritual,incense,sensorimotor
safety,seatbelt,sensorimotor
satisfaction,smile,emotion
scheme,timetable,association
sensitivity,whisper,social
shame,blushing,emotion
slapstick,cream pie,association
stimulus,economy,association
stress,exam,association
success,applause,social
success,promotion,association
suffering,war,association
surprise,gift,sensorimotor
talent,spotlight,association
thought,cloud,association
tradition,ceremony,association
tradition,grandparents,social
trust,safety net,association
value,auction,association
vanity,makeup,sensorimotor
victory,anthem,association
view,balcony,sensorimotor
violation,broken promise,social
violence,blood,sensorimotor
wealth,stock market,association
wealth,yacht,association
welfare,food stamps,association
welfare,social worker,association
will,inheritance,association
will,signature,sensorimotor
willingness,raised hand,sensorimotor
work,office,sensorimotor
work,paycheck,association
worry,insomnia,emotion
worry,nail-biting,sensorimotor
worry,pacing,emotion
worry,storm clouds,sensorimotor
ability,magic,association
ability,sports,sensorimotor
ability,superhero,association
ability,test,social
accusation,court,social
accusation,proof,association
achievement,hard work,association
activity,energy,sensorimotor
activity,game,association
activity,running,sensorimotor
activity,school,social
addiction,drugs,association
addiction,gambling,social
advantage,high ground,association
advantage,speed,sensorimotor
advantage,tennis,association
adventure,adrenaline,emotion
adventure,mountains,sensorimotor
advice,help,association
advice,listen,sensorimotor
advice,unsolicited,association
agony,loss,association
amazement,stars,sensorimotor
ambition,politician,association
ambition,promotion,social
ambush,hiding,sensorimotor
amusement,smile,sensorimotor
anger,fire,sensorimotor
anger,shouting,sensorimotor
anxiety,heartbeat,sensorimotor
anxiety,sweating,sensorimotor
anxiety,test,association
apology,mistake,association
appearance,clothes,sensorimotor
appearance,court,association
appearance,illusion,association
appetite,dinner,association
appetite,feast,association
appetite,smell,sensorimotor
appetite,stomach,sensorimotor
application,phone,sensorimotor
application,resume,association
aptitude,career,association
aptitude,math,association
aptitude,piano,sensorimotor
argument,anger,emotion
argument,court,association
argument,loud,sensorimotor
art,paint,sensorimotor
aspect,angle,association
aspect,grammar,association
aspect,ratio,association
aspect,stars,sensorimotor
assassination,politics,association
assassination,president,association
assassination,rifle,sensorimotor
assumption,arrogance,emotion
assumption,mistake,association
assumption,proof,association
astonishment,miracle,association
attack,army,social
attack,shark,sensorimotor
attention,detail,association
attention,soldier,association
attraction,magnets,association
attraction,theme park,association
beauty,beast,association
beauty,flower,sensorimotor
beauty,painting,sensorimotor
being,alien,association
being,soul,association
betrayal,affair,social
betrayal,judas,association
blackmail,money,social
blackmail,photos,sensorimotor
boredom,clock,association
boredom,sigh,sensorimotor
boycott,politics,social
boycott,products,association
boycott,protest,association
bravery,knight,association
career,suit,sensorimotor
carefulness,egg,sensorimotor
carefulness,ice,sensorimotor
carefulness,surgery,association
catastrophe,panic,emotion
catastrophe,siren,sensorimotor
catastrophe,titanic,association
caution,glass,sensorimotor
caution,traffic light,sensorimotor
challenge,duel,social
chaos,noise,sensorimotor
chaos,panic,emotion
chaos,tornado,sensorimotor
chaos,traffic,sensorimotor
character,font,association
character,integrity,emotion
charm,lucky,association
comfort,hug,social
comfort,soup,sensorimotor
commitment,contract,association
commitment,goal,association
commitment,time,association
comparison,apples,association
comparison,jealousy,emotion
comparison,price,association
compassion,suffering,emotion
compassion,warmth,emotion
competence,exam,social
compromise,marriage,social
compromise,middle,association
compulsion,locks,sensorimotor
compulsion,washing,sensorimotor
confession,police,social
conflict,politics,social
conflict,war,social
consideration,contract,association
consideration,door,sensorimotor
consideration,gift,sensorimotor
consideration,seat,sensorimotor
consolation,grief,emotion
consolation,hug,sensorimotor
contempt,court,social
contempt,judge,emotion
contempt,superiority,social
convention,badge,sensorimotor
convention,booth,association
convention,crowd,social
convention,speech,sensorimotor
cooperation,peace,association
cooperation,puzzle,association
courage,fire,association
courage,heart,association
courage,soldier,association
creativity,lightbulb,association
creativity,mess,sensorimotor
creativity,paint,sensorimotor
crime,gun,sensorimotor
crime,jail,association
crime,punishment,association
criticism,judge,association
criticism,movie,association
cruelty,tears,sensorimotor
cruelty,villain,social
cruelty,whip,sensorimotor
culture,art,association
culture,food,sensorimotor
culture,tradition,association
curiosity,door,sensorimotor
curiosity,mars,association
custom,airport,association
custom,culture,association
custom,design,association
custom,suit,association
danger,fire,sensorimotor
death,black,sensorimotor
death,cold,sensorimotor
decision,coin,sensorimotor
decision,gavel,association
decision,regret,emotion
demand,boss,social
demand,market,association
demand,ransom,association
desire,fire,association
desire,heart,association
desire,red,sensorimotor
desperation,begging,social
desperation,desert,association
destruction,bomb,sensorimotor
destruction,tornado,sensorimotor
detection,crime,association
detection,sensor,sensorimotor
detection,smoke,sensorimotor
difference,height,sensorimotor
difference,puzzle,association
difficulty,math,association
difficulty,video game,sensorimotor
dignity,ceremony,association
dignity,queen,social
dignity,silence,sensorimotor
diligence,library,sensorimotor
diligence,promotion,social
disadvantage,debt,association
disadvantage,poverty,association
disadvantage,struggle,emotion
disappointment,gift,social
disappointment,loss,association
disappointment,rain,sensorimotor
disappointment,sigh,sensorimotor
discovery,scientist,association
discovery,treasure,sensorimotor
disgust,garbage,sensorimotor
disgust,mold,sensorimotor
disgust,smell,sensorimotor
dismay,failure,emotion
dismay,gasp,sensorimotor
dismay,rejection,emotion
dispute,border,association
dispute,court,social
dispute,lawyer,association
distance,miles,association
distance,relationship,social
distance,travel,sensorimotor
distraction,procrastination,emotion
diversity,culture,association
diversity,inclusion,association
doubt,frown,sensorimotor
doubt,jury,social
doubt,thomas,association
downfall,rain,sensorimotor
dream,cloud,sensorimotor
dream,night,sensorimotor
duty,honor,social
duty,jury,social
eagerness,gift,social
eagerness,puppy,sensorimotor
eagerness,raised hand,sensorimotor
eagerness,starting line,association
effort,grades,association
effort,gym,sensorimotor
effort,success,association
elegance,violin,sensorimotor
emotion,face,sensorimotor
emotion,love,emotion
enchantment,sparkles,sensorimotor
enthusiasm,cheer,emotion
enthusiasm,energy,emotion
enthusiasm,hobby,association
enthusiasm,smile,sensorimotor
envy,sin,association
envy,success,association
error,computer,association
error,red,sensorimotor
event,planning,association
excitement,roller coaster,association
excitement,travel,sensorimotor
excitement,winning,association
expectation,high,association
expectation,reality,association
experience,job,association
experience,travel,association
explanation,excuse,emotion
explanation,why,association
exploitation,profit,association
exploitation,resources,association
exploitation,sweatshop,association
faithfulness,god,association
faithfulness,marriage,social
faithfulness,promise,association
fantasy,book,sensorimotor
fate,death,emotion
fate,love,emotion
fear,trembling,emotion
fight,anger,emotion
fight,blood,sensorimotor
fight,fist,sensorimotor
fight,ring,sensorimotor
fitness,running,sensorimotor
fitness,weights,sensorimotor
flexibility,gymnast,association
force,police,association
forgiveness,healing,sensorimotor
forgiveness,mistake,association
forgiveness,peace,emotion
freedom,chains,association
freedom,sky,sensorimotor
freedom,speech,sensorimotor
fright,dark,sensorimotor
fright,ghost,association
frustration,computer,association
frustration,scream,sensorimotor
frustration,wall,association
fun,friends,social
fury,fire,sensorimotor
fury,scream,sensorimotor
future,robots,sensorimotor
future,space,sensorimotor
future,technology,association
genius,chess,association
genius,laboratory,sensorimotor
glory,flag,association
glory,heaven,association
grace,ballerina,sensorimotor
grace,dinner,social
grace,god,association
gratitude,gift,social
gratitude,journal,sensorimotor
gratitude,smile,sensorimotor
greed,corruption,association
greed,hunger,emotion
greed,money,social
guess,game,association
guess,luck,association
guess,wrong,association
habit,nails,sensorimotor
habit,nun,association
habit,smoking,sensorimotor
happiness,family,social
hate,enemy,social
hate,scream,sensorimotor
hate,war,association
help,rope,sensorimotor
hint,lime,association
home,bed,sensorimotor
home,key,association
honor,duel,social
honor,judge,association
hope,future,association
hope,prayer,association
hope,sunrise,association
horror,movie,association
humor,clown,association
humor,joke,association
humor,smile,sensorimotor
hunger,food,sensorimotor
hunger,growl,sensorimotor
hunger,poverty,association
hurry,traffic,association
idea,brain,association
ideal,candidate,association
ideal,gas,association
ideal,weight,association
ideal,world,association
illusion,magic,association
illusion,optical,sensorimotor
impression,interview,social
impression,sand,association
impression,stamp,sensorimotor
impression,voice,sensorimotor
incentive,sales,association
incentive,tax,association
independence,apartment,sensorimotor
independence,car,sensorimotor
indifference,cold,association
influence,instagram,association
influence,leader,social
influence,money,association
influence,vote,association
insanity,repetition,association
insanity,straitjacket,association
insight,data,association
insight,flash,association
insight,puzzle,association
insult,anger,emotion
insult,argument,social
insult,bully,social
insurrection,chaos,association
insurrection,government,association
insurrection,mobs,social
insurrection,violence,sensorimotor
intention,crime,association
intention,hidden,association
intention,letter,association
interest,bank,association
interest,percentage,association
invention,wheel,association
jealousy,ex,social
jealousy,fight,social
jealousy,love,emotion
joy,christmas,association
joy,jumping,sensorimotor
joy,tears,sensorimotor
judgement,court,social
judgement,guilt,association
justice,court,social
justice,judge,association
justification,evidence,association
justification,logic,association
justification,margins,association
kindness,gift,sensorimotor
kindness,warmth,emotion
knowledge,books,sensorimotor
knowledge,school,social
love,red,sensorimotor
luck,dice,association
luck,lottery,association
lust,affair,social
lust,fire,association
lust,sin,association
luxury,hotel,association
magic,cards,association
magic,sparkles,sensorimotor
manipulation,guilt,emotion
manipulation,lies,association
manipulation,politics,association
manners,handshake,social
manners,rude,emotion
matter,grey,sensorimotor
matter,mass,association
meanness,scowl,sensorimotor
meanness,scrooge,association
meanness,tears,emotion
memory,brain,association
memory,computer,association
menace,dennis,association
menace,teeth,sensorimotor
mercy,game,association
mercy,sword,sensorimotor
miracle,prayer,association
miracle,survival,emotion
misdemeanor,court,social
misdemeanor,lawyer,association
misdemeanor,shoplifting,association
misery,breakup,social
mockery,bully,social
mockery,pointing,sensorimotor
mockery,shame,emotion
moment,camera,sensorimotor
moment,truth,association
moment,wait,emotion
mood,music,sensorimotor
mourning,flowers,association
need,desperation,emotion
need,help,social
need,water,sensorimotor
nervousness,interview,social
nervousness,shaking,sensorimotor
nervousness,stage,social
nervousness,sweat,sensorimotor
nightmare,darkness,sensorimotor
nightmare,monster,association
notion,app,association
notion,buttons,sensorimotor
notion,head,association
notion,sewing,sensorimotor
obedience,parents,social
objection,court,association
objection,judge,association
obligation,debt,association
observation,eyes,sensorimotor
observation,notebook,association
observation,science,association
occupation,interview,social
occupation,uniform,sensorimotor
order,alphabetical,association
order,package,sensorimotor
order,pizza,association
ostracism,ancient greece,association
overview,mountain,association
overview,project,association
pain,blood,sensorimotor
pain,doctor,social
panic,button,association
panic,fire,association
panic,scream,sensorimotor
panic,sweat,sensorimotor
pardon,prison,association
pardon,repeat,association
pardon,turkey,association
passion,art,association
passion,kiss,sensorimotor
past,ghost,association
past,nostalgia,emotion
past,tense,association
perception,depth,sensorimotor
perception,eyes,sensorimotor
perfection,circle,sensorimotor
perfection,gold,association
performance,engine,association
performance,review,association
perspective,camera,sensorimotor
perspective,drawing,sensorimotor
plan,map,association
pleasure,beach,sensorimotor
pleasure,massage,sensorimotor
pleasure,smile,sensorimotor
potential,battery,association
potential,youth,association
poverty,debt,association
poverty,homeless,association
power,corruption,association
power,muscle,sensorimotor
prediction,algorithm,association
prediction,weather,association
present,time,association
pride,prejudice,association
pride,trophy,association
problem,fix,sensorimotor
problem,stress,emotion
prohibition,alcohol,association
prohibition,gangsters,social
promise,secret,association
promise,trust,emotion
proof,bread,association
proof,court,social
proof,math,association
proposal,business,association
prosperity,feast,social
prosperity,growth,association
protection,bodyguard,association
protest,crowd,social
protest,marching,sensorimotor
protest,megaphone,sensorimotor
provocation,fight,social
provocation,insult,social
provocation,reaction,sensorimotor
punishment,crime,association
punishment,gavel,association
punishment,jail,association
quality,seal,sensorimotor
quality,time,association
quantity,bulk,association
quantity,math,association
quantity,quality,association
quantity,scale,sensorimotor
realization,puzzle,association
realization,shock,emotion
reassurance,insurance,association
reassurance,nod,sensorimotor
reassurance,parent,social
recommendation,book,association
recommendation,restaurant,social
recovery,backup,association
recovery,sleep,sensorimotor
recovery,soup,sensorimotor
regard,email,association
regard,high,association
regard,kind,association
regard,safety,association
regret,mistake,association
regret,past,association
regret,tattoo,association
relief,aspirin,association
relief,rain,association
relief,weekend,association
remorse,crime,association
remorse,forgiveness,social
remorse,tears,emotion
requirement,age,association
requirement,job,association
requirement,software,association
resemblance,doppelganger,social
resistance,war,association
resistance,weights,sensorimotor
resolution,new year,association
resolution,screen,sensorimotor
respect,elders,social
respect,handshake,social
responsibility,bills,association
responsibility,heavy,sensorimotor
responsibility,job,association
responsibility,parent,social
retaliation,lawsuit,social
retaliation,punch,sensorimotor
revenge,enemy,social
revenge,sweet,association
revolution,french,association
revolution,industrial,association
revolution,war,association
risk,dice,association
ritual,candles,sensorimotor
ritual,chant,association
ritual,morning,association
ritual,sacrifice,association
romantic,candles,sensorimotor
romantic,dinner,association
safety,lock,sensorimotor
satisfaction,checkmark,association
satisfaction,meal,sensorimotor
satisfaction,survey,association
scheme,color,association
scheme,money,association
scheme,pyramid,association
self-dependence,apartment,association
self-dependence,cooking,sensorimotor
self-dependence,job,association
self-dependence,strength,emotion
sensation,nerves,emotion
sensation,touch,sensorimotor
sensitivity,crying,emotion
sensitivity,mouse,association
sensitivity,rash,sensorimotor
sensitivity,toothpaste,association
shame,face,sensorimotor
shame,ground,association
shame,red,sensorimotor
shyness,silence,sensorimotor
shyness,stage,social
skill,experience,association
skill,training,sensorimotor
slapstick,banana,association
slapstick,clown,association
slapstick,fall,sensorimotor
solitude,tea,association
stimulus,light,sensorimotor
stimulus,nerve,association
stress,exams,association
stress,traffic,association
success,hard work,association
success,money,association
suffering,hunger,sensorimotor
support,family,social
support,tech,association
surprise,jump,sensorimotor
surprise,party,association
talent,applause,sensorimotor
talent,competition,association
talent,music,sensorimotor
task,finished,association
task,focus,emotion
task,list,association
terrorism,attack,association
terrorism,bomb,sensorimotor
terrorism,violence,emotion
theory,book,sensorimotor
theory,experiment,association
theory,relativity,association
theory,science,association
thirst,heat,sensorimotor
thirst,throat,sensorimotor
thirst,water,sensorimotor
thought,brain,sensorimotor
thought,penny,association
threat,blackmail,social
threat,fear,emotion
threat,knife,sensorimotor
threat,shadow,sensorimotor
tradition,culture,association
tradition,past,association
trust,bank,association
trust,secret,association
value,diamond,sensorimotor
value,family,social
value,judgment,association
vanity,fair,association
vanity,table,association
victory,celebration,social
victory,gold,association
victory,war,association
view,ocean,sensorimotor
violation,law,association
violation,penalty,association
violation,privacy,association
violence,scream,sensorimotor
violence,war,association
war,guns,sensorimotor
war,history,association
warning,red,sensorimotor
warning,sign,sensorimotor
weakness,achilles,association
wealth,bank,association
wealth,power,association
welfare,poverty,association
welfare,unemployment,association
will,death,emotion
willingness,help,association
willingness,yes,association
wish,candle,association
wish,genie,association
wit,dinner party,social
wit,laughter,emotion
wit,oscar wilde,association
wit,razor,association
wonder,alice,association
wonder,bread,association
work,computer,sensorimotor
work,money,association
work,stress,emotion
worry,bills,association
worry,nails,sensorimotor
