word,properties,codes,frequencies
accusation,"['courtroom', 'denial', 'suspicion', 'consequence']","['association', 'internal state and emotion', 'internal state and emotion', 'other abstract concept']","[0.0, 0.5, 0.0, 0.5]"
activity,"['hiking', 'learning', 'crafting', 'volunteering']","['sensorimotor feature', 'internal state and emotion', 'sensorimotor feature', 'social constellation']","[0.5, 0.25, 0.25, 0.0]"
addiction,"['relapse', 'craving', 'denial', 'support']","['other abstract concept', 'internal state and emotion', 'internal state and emotion', 'social constellation']","[0.0, 0.5, 0.25, 0.25]"
admiration,"['applause', 'mentor', 'sculpture', 'telescope']","['association', 'social constellation', 'sensorimotor feature', 'association']","[0.25, 0.0, 0.25, 0.5]"
adventure,"['map', 'jungle', 'unknown', 'courage']","['sensorimotor feature', 'sensorimotor feature', 'other abstract concept', 'internal state and emotion']","[0.5, 0.25, 0.0, 0.25]"
agony,"['screaming', 'hospital', 'betrayal', 'darkness']","['sensorimotor feature', 'association', 'internal state and emotion', 'association']","[0.25, 0.25, 0.0, 0.5]"
ambition,"['ladder', 'sleeplessness', 'legacy', 'drive']","['association', 'internal state and emotion', 'association', 'internal state and emotion']","[0.0, 0.5, 0.0, 0.5]"
ambush,"['jungle', 'surprise', 'silence', 'target']","['association', 'internal state and emotion', 'sensorimotor feature', 'association']","[0.25, 0.25, 0.0, 0.5]"
apology,"['regret', 'flowers', 'silence', 'consequence']","['internal state and emotion', 'association', 'association', 'other abstract concept']","[0.0, 0.25, 0.0, 0.75]"
aptitude,"['puzzles', 'learning', 'strategy', 'potential']","['sensorimotor feature', 'other abstract concept', 'other abstract concept', 'other abstract concept']","[0.25, 0.0, 0.0, 0.75]"
argument,"['raised voices', 'legal', 'debate', 'misunderstanding']","['sensorimotor feature', 'association', 'social constellation', 'internal state and emotion']","[0.25, 0.25, 0.25, 0.25]"
art,"['canvas', 'sculpture', 'museum', 'expression']","['sensorimotor feature', 'sensorimotor feature', 'association', 'internal state and emotion']","[0.5, 0.25, 0.0, 0.25]"
assumption,"['guesswork', 'prejudice', 'leap', 'belief']","['association', 'internal state and emotion', 'association', 'other abstract concept']","[0.0, 0.25, 0.0, 0.75]"
attention,"['spotlight', 'listening', 'focus', 'distraction']","['association', 'sensorimotor feature', 'internal state and emotion', 'internal state and emotion']","[0.25, 0.5, 0.0, 0.25]"
attraction,"['magnetism', 'butterflies', 'theme park', 'orbit']","['sensorimotor feature', 'internal state and emotion', 'association', 'other abstract concept']","[0.25, 0.25, 0.0, 0.5]"
boredom,"['rain', 'staring', 'clock', 'sigh']","['association', 'sensorimotor feature', 'association', 'internal state and emotion']","[0.25, 0.25, 0.0, 0.5]"
boycott,"['protest', 'consumer', 'strike', 'awareness']","['social constellation', 'association', 'social constellation', 'internal state and emotion']","[0.0, 0.25, 0.5, 0.25]"
bravery,"['shield', 'mountains', 'silence', 'rescue']","['sensorimotor feature', 'association', 'sensorimotor feature', 'social constellation']","[0.5, 0.0, 0.25, 0.25]"
carefulness,"['planning', 'safety', 'precision', 'observation']","['other abstract concept', 'association', 'sensorimotor feature', 'sensorimotor feature']","[0.5, 0.0, 0.0, 0.5]"
charm,"['magnet', 'smile', 'illusion', 'vintage']","['association', 'sensorimotor feature', 'other abstract concept', 'association']","[0.25, 0.0, 0.0, 0.75]"
comfort,"['blanket', 'fireplace', 'silence', 'tea']","['sensorimotor feature', 'sensorimotor feature', 'sensorimotor feature', 'sensorimotor feature']","[1.0, 0.0, 0.0, 0.0]"
comparison,"['scales', 'debate', 'growth', 'mirror']","['sensorimotor feature', 'social constellation', 'other abstract concept', 'association']","[0.25, 0.0, 0.25, 0.5]"
competence,"['project', 'confidence', 'skill', 'responsibility']","['association', 'internal state and emotion', 'sensorimotor feature', 'other abstract concept']","[0.25, 0.25, 0.0, 0.5]"
compromise,"['negotiation', 'splitting', 'concession', 'agreement']","['social constellation', 'sensorimotor feature', 'internal state and emotion', 'other abstract concept']","[0.25, 0.25, 0.25, 0.25]"
confession,"['courtroom', 'guilt', 'secret', 'tears']","['association', 'internal state and emotion', 'association', 'internal state and emotion']","[0.0, 0.5, 0.0, 0.5]"
consideration,"['empathy', 'planning', 'politeness', 'compromise']","['internal state and emotion', 'other abstract concept', 'social constellation', 'social constellation']","[0.0, 0.25, 0.5, 0.25]"
consolation,"['tissues', 'rain', 'apology', 'silence']","['sensorimotor feature', 'association', 'social constellation', 'internal state and emotion']","[0.25, 0.25, 0.25, 0.25]"
contempt,"['sneer', 'dismissal', 'scorn', 'isolation']","['sensorimotor feature', 'other abstract concept', 'internal state and emotion', 'social constellation']","[0.25, 0.25, 0.25, 0.25]"
creativity,"['sketchbook', 'improvisation', 'brainstorming', 'invention']","['sensorimotor feature', 'internal state and emotion', 'social constellation', 'other abstract concept']","[0.25, 0.25, 0.25, 0.25]"
criticism,"['improvement', 'defensiveness', 'feedback', 'evaluation']","['other abstract concept', 'internal state and emotion', 'social constellation', 'other abstract concept']","[0.0, 0.25, 0.25, 0.5]"
cruelty,"['scars', 'isolation', 'dominance', 'manipulation']","['sensorimotor feature', 'social constellation', 'social constellation', 'social constellation']","[0.25, 0.0, 0.75, 0.0]"
curiosity,"['telescope', 'question', 'forest', 'puzzle']","['sensorimotor feature', 'other abstract concept', 'association', 'other abstract concept']","[0.25, 0.0, 0.0, 0.75]"
danger,"['cliff', 'warning', 'storm', 'shadow']","['sensorimotor feature', 'association', 'sensorimotor feature', 'association']","[0.5, 0.0, 0.0, 0.5]"
desire,"['ambition', 'hunger', 'sparkle', 'longing']","['other abstract concept', 'sensorimotor feature', 'association', 'internal state and emotion']","[0.25, 0.25, 0.0, 0.5]"
destruction,"['rubble', 'wildfire', 'implosion', 'erasure']","['sensorimotor feature', 'association', 'sensorimotor feature', 'sensorimotor feature']","[0.75, 0.0, 0.0, 0.25]"
detection,"['fingerprint', 'radar', 'lie', 'anomaly']","['sensorimotor feature', 'sensorimotor feature', 'association', 'other abstract concept']","[0.5, 0.0, 0.0, 0.5]"
dignity,"['posture', 'silence', 'respect', 'resilience']","['sensorimotor feature', 'association', 'social constellation', 'internal state and emotion']","[0.25, 0.25, 0.25, 0.25]"
diligence,"['research', 'persistence', 'crafting', 'schedules']","['association', 'internal state and emotion', 'sensorimotor feature', 'other abstract concept']","[0.25, 0.25, 0.0, 0.5]"
disadvantage,"['obstacle', 'setback', 'weakness', 'burden']","['sensorimotor feature', 'other abstract concept', 'other abstract concept', 'other abstract concept']","[0.25, 0.0, 0.0, 0.75]"
discovery,"['telescope', 'footprint', 'puzzle', 'eureka']","['sensorimotor feature', 'sensorimotor feature', 'association', 'internal state and emotion']","[0.5, 0.25, 0.0, 0.25]"
dismay,"['storm', 'failure', 'silence', 'shadows']","['association', 'other abstract concept', 'sensorimotor feature', 'association']","[0.25, 0.0, 0.0, 0.75]"
dispute,"['lawyer', 'argument', 'negotiation', 'resolution']","['social constellation', 'association', 'social constellation', 'other abstract concept']","[0.0, 0.0, 0.5, 0.5]"
distraction,"['fidgeting', 'sirens', 'daydream', 'puzzle']","['sensorimotor feature', 'association', 'internal state and emotion', 'association']","[0.25, 0.25, 0.0, 0.5]"
downfall,"['avalanche', 'plummet', 'ruin', 'consequence']","['association', 'sensorimotor feature', 'other abstract concept', 'other abstract concept']","[0.25, 0.0, 0.0, 0.75]"
eagerness,"['sprint', 'question', 'sunrise', 'volunteering']","['sensorimotor feature', 'association', 'association', 'social constellation']","[0.25, 0.0, 0.25, 0.5]"
effort,"['persistence', 'sweat', 'goal', 'planning']","['internal state and emotion', 'sensorimotor feature', 'other abstract concept', 'internal state and emotion']","[0.25, 0.5, 0.0, 0.25]"
emotion,"['rain', 'memory', 'silence', 'portrait']","['association', 'internal state and emotion', 'sensorimotor feature', 'association']","[0.25, 0.25, 0.0, 0.5]"
enchantment,"['illusion', 'forest', 'music', 'sparkle']","['other abstract concept', 'association', 'association', 'sensorimotor feature']","[0.25, 0.0, 0.0, 0.75]"
envy,"['green', 'competition', 'longing', 'ladder']","['association', 'social constellation', 'internal state and emotion', 'association']","[0.0, 0.25, 0.25, 0.5]"
event,"['schedule', 'memory', 'venue', 'outcome']","['other abstract concept', 'association', 'sensorimotor feature', 'other abstract concept']","[0.25, 0.0, 0.0, 0.75]"
expectation,"['planning', 'disappointment', 'future', 'anticipation']","['internal state and emotion', 'internal state and emotion', 'other abstract concept', 'internal state and emotion']","[0.0, 0.75, 0.0, 0.25]"
explanation,"['diagram', 'consequence', 'teacher', 'question']","['sensorimotor feature', 'other abstract concept', 'social constellation', 'social constellation']","[0.25, 0.0, 0.5, 0.25]"
exploitation,"['sweatshops', 'colonialism', 'data mining', 'manipulation']","['sensorimotor feature', 'social constellation', 'association', 'internal state and emotion']","[0.25, 0.25, 0.25, 0.25]"
faithfulness,"['loyalty', 'promises', 'endurance', 'trust']","['other abstract concept', 'other abstract concept', 'other abstract concept', 'internal state and emotion']","[0.0, 0.25, 0.0, 0.75]"
fight,"['bruises', 'strategy', 'anger', 'referee']","['sensorimotor feature', 'other abstract concept', 'internal state and emotion', 'social constellation']","[0.25, 0.25, 0.25, 0.25]"
flexibility,"['yoga', 'rubber', 'compromise', 'adaptation']","['sensorimotor feature', 'sensorimotor feature', 'social constellation', 'other abstract concept']","[0.5, 0.0, 0.25, 0.25]"
forgiveness,"['release', 'amends', 'vulnerability', 'growth']","['internal state and emotion', 'social constellation', 'internal state and emotion', 'other abstract concept']","[0.0, 0.5, 0.25, 0.25]"
fright,"['shadows', 'scream', 'rollercoaster', 'dark']","['association', 'sensorimotor feature', 'association', 'sensorimotor feature']","[0.5, 0.0, 0.0, 0.5]"
frustration,"['traffic', 'deadlines', 'tangled headphones', 'puzzle']","['association', 'other abstract concept', 'sensorimotor feature', 'association']","[0.25, 0.0, 0.0, 0.75]"
fun,"['laughter', 'games', 'adventure', 'surprise']","['sensorimotor feature', 'social constellation', 'sensorimotor feature', 'internal state and emotion']","[0.5, 0.25, 0.25, 0.0]"
fury,"['storm', 'clenched', 'red', 'shattering']","['association', 'sensorimotor feature', 'sensorimotor feature', 'sensorimotor feature']","[0.75, 0.0, 0.0, 0.25]"
future,"['robots', 'planning', 'uncertainty', 'progress']","['association', 'internal state and emotion', 'internal state and emotion', 'other abstract concept']","[0.0, 0.5, 0.0, 0.5]"
glory,"['triumph', 'spotlight', 'legend', 'echo']","['other abstract concept', 'association', 'association', 'association']","[0.0, 0.0, 0.0, 1.0]"
gratitude,"['journal', 'helping', 'sunset', 'heirloom']","['association', 'social constellation', 'association', 'association']","[0.0, 0.0, 0.25, 0.75]"
greed,"['hoarding', 'competition', 'tunnel vision', 'scarcity']","['sensorimotor feature', 'social constellation', 'internal state and emotion', 'association']","[0.25, 0.25, 0.25, 0.25]"
guess,"['poker', 'riddle', 'shadow', 'intuition']","['association', 'other abstract concept', 'sensorimotor feature', 'internal state and emotion']","[0.25, 0.25, 0.0, 0.5]"
help,"['toolbox', 'emergency', 'teacher', 'donation']","['sensorimotor feature', 'association', 'social constellation', 'association']","[0.25, 0.0, 0.25, 0.5]"
honor,"['medal', 'oath', 'legacy', 'respect']","['sensorimotor feature', 'internal state and emotion', 'association', 'internal state and emotion']","[0.25, 0.5, 0.0, 0.25]"
humor,"['tickle', 'puns', 'awkward', 'laughter']","['sensorimotor feature', 'association', 'internal state and emotion', 'internal state and emotion']","[0.25, 0.5, 0.0, 0.25]"
hunger,"['growl', 'scarcity', 'patience', 'feast']","['sensorimotor feature', 'association', 'internal state and emotion', 'association']","[0.25, 0.25, 0.0, 0.5]"
hurry,"['taxi', 'deadline', 'footsteps', 'anxious']","['association', 'other abstract concept', 'sensorimotor feature', 'internal state and emotion']","[0.25, 0.25, 0.0, 0.5]"
ideal,"['blueprint', 'flawless', 'aspiration', 'prototype']","['association', 'other abstract concept', 'internal state and emotion', 'other abstract concept']","[0.0, 0.25, 0.0, 0.75]"
impression,"['fingerprint', 'theater', 'first meeting', 'sculpture']","['sensorimotor feature', 'association', 'social constellation', 'association']","[0.25, 0.0, 0.25, 0.5]"
indifference,"['gray', 'shrug', 'echo', 'routine']","['association', 'sensorimotor feature', 'association', 'association']","[0.25, 0.0, 0.0, 0.75]"
insanity,"['asylum', 'mania', 'rabbit hole', 'chaos']","['association', 'internal state and emotion', 'association', 'other abstract concept']","[0.0, 0.25, 0.0, 0.75]"
insight,"['telescope', 'puzzle', 'eureka', 'shadow']","['association', 'association', 'internal state and emotion', 'association']","[0.0, 0.25, 0.0, 0.75]"
intention,"['blueprint', 'willpower', 'consequence', 'gesture']","['association', 'internal state and emotion', 'other abstract concept', 'sensorimotor feature']","[0.25, 0.25, 0.0, 0.5]"
interest,"['curiosity', 'loan', 'hobby', 'focus']","['internal state and emotion', 'association', 'association', 'internal state and emotion']","[0.0, 0.5, 0.0, 0.5]"
joy,"['laughter', 'bubbles', 'puppy', 'accomplishment']","['sensorimotor feature', 'association', 'association', 'internal state and emotion']","[0.25, 0.25, 0.0, 0.5]"
justification,"['debate', 'evidence', 'legal', 'reasoning']","['social constellation', 'sensorimotor feature', 'association', 'internal state and emotion']","[0.25, 0.25, 0.25, 0.25]"
kindness,"['volunteer', 'patience', 'listening', 'flowers']","['social constellation', 'internal state and emotion', 'sensorimotor feature', 'association']","[0.25, 0.25, 0.25, 0.25]"
luck,"['""rabbit\'s foot""', 'lottery', 'four-leaf clover', 'serendipity']","['association', 'association', 'association', 'other abstract concept']","[0.0, 0.0, 0.0, 1.0]"
lust,"['obsession', 'heat', 'desire', 'gaze']","['internal state and emotion', 'sensorimotor feature', 'internal state and emotion', 'sensorimotor feature']","[0.5, 0.5, 0.0, 0.0]"
manners,"['table setting', 'bowing', 'queuing', 'thank you']","['sensorimotor feature', 'social constellation', 'social constellation', 'social constellation']","[0.25, 0.0, 0.75, 0.0]"
matter,"['density', 'sculpture', 'consequence', 'physics']","['sensorimotor feature', 'association', 'other abstract concept', 'other abstract concept']","[0.25, 0.0, 0.0, 0.75]"
meanness,"['gossip', 'exclusion', 'criticism', 'bullying']","['social constellation', 'social constellation', 'social constellation', 'social constellation']","[0.0, 0.0, 1.0, 0.0]"
mercy,"['forgiveness', 'judge', 'regret', 'healing']","['other abstract concept', 'social constellation', 'internal state and emotion', 'sensorimotor feature']","[0.25, 0.25, 0.25, 0.25]"
miracle,"['healing', 'snowfall', 'lottery', 'birth']","['sensorimotor feature', 'association', 'association', 'sensorimotor feature']","[0.5, 0.0, 0.0, 0.5]"
misery,"['rain', 'isolation', 'hunger', 'shadows']","['association', 'social constellation', 'sensorimotor feature', 'association']","[0.25, 0.0, 0.25, 0.5]"
model,"['clay', 'equation', 'fashion', 'prediction']","['sensorimotor feature', 'other abstract concept', 'association', 'other abstract concept']","[0.25, 0.0, 0.0, 0.75]"
mourning,"['black', 'silence', 'photograph', 'ritual']","['association', 'sensorimotor feature', 'association', 'association']","[0.25, 0.0, 0.0, 0.75]"
need,"['hunger', 'shelter', 'repair', 'question']","['sensorimotor feature', 'sensorimotor feature', 'sensorimotor feature', 'other abstract concept']","[0.75, 0.0, 0.0, 0.25]"
objection,"['courtroom', 'lawyer', 'disagreement', 'protest']","['association', 'social constellation', 'internal state and emotion', 'social constellation']","[0.0, 0.25, 0.5, 0.25]"
pain,"['injury', 'anger', 'silence', 'memory']","['sensorimotor feature', 'internal state and emotion', 'association', 'association']","[0.25, 0.25, 0.0, 0.5]"
panic,"['earthquake', 'exam', 'crowded', 'hyperventilate']","['association', 'association', 'social constellation', 'sensorimotor feature']","[0.25, 0.0, 0.25, 0.5]"
pardon,"['courtroom', 'apology', 'forgiveness', 'slate']","['association', 'social constellation', 'internal state and emotion', 'sensorimotor feature']","[0.25, 0.25, 0.25, 0.25]"
past,"['photograph', 'memory', 'history', 'regret']","['sensorimotor feature', 'internal state and emotion', 'other abstract concept', 'internal state and emotion']","[0.25, 0.5, 0.0, 0.25]"
peace,"['dove', 'library', 'exhale', 'stillness']","['association', 'association', 'sensorimotor feature', 'sensorimotor feature']","[0.5, 0.0, 0.0, 0.5]"
perfection,"['symmetry', 'stillness', 'diamond', 'echo']","['sensorimotor feature', 'sensorimotor feature', 'association', 'association']","[0.5, 0.0, 0.0, 0.5]"
perspective,"['telescope', 'bias', 'artwork', 'mountain']","['sensorimotor feature', 'internal state and emotion', 'association', 'association']","[0.25, 0.25, 0.0, 0.5]"
plan,"['calendar', 'journey', 'blueprint', 'strategy']","['association', 'association', 'sensorimotor feature', 'other abstract concept']","[0.25, 0.0, 0.0, 0.75]"
poverty,"['hunger', 'illness', 'education', 'shelter']","['sensorimotor feature', 'sensorimotor feature', 'other abstract concept', 'sensorimotor feature']","[0.75, 0.0, 0.0, 0.25]"
prediction,"['weather', 'fortune', 'forecast', 'strategy']","['sensorimotor feature', 'association', 'other abstract concept', 'other abstract concept']","[0.25, 0.0, 0.0, 0.75]"
pride,"['peacock', 'achievement', 'blush', 'parade']","['association', 'other abstract concept', 'sensorimotor feature', 'social constellation']","[0.25, 0.0, 0.25, 0.5]"
prohibition,"['speakeasies', 'flapper dresses', 'bootlegging', 'repeal']","['association', 'association', 'association', 'other abstract concept']","[0.0, 0.0, 0.0, 1.0]"
proof,"['contract', 'fingerprint', 'alibi', 'theorem']","['association', 'sensorimotor feature', 'social constellation', 'other abstract concept']","[0.25, 0.0, 0.25, 0.5]"
prosperity,"['growth', 'security', 'opportunity', 'abundance']","['other abstract concept', 'internal state and emotion', 'other abstract concept', 'sensorimotor feature']","[0.25, 0.25, 0.0, 0.5]"
protest,"['megaphone', 'signs', 'march', 'disruption']","['sensorimotor feature', 'sensorimotor feature', 'sensorimotor feature', 'association']","[0.75, 0.0, 0.0, 0.25]"
provocation,"['argument', 'challenge', 'smirk', 'defiance']","['social constellation', 'other abstract concept', 'sensorimotor feature', 'internal state and emotion']","[0.25, 0.25, 0.25, 0.25]"
realization,"['epiphany', 'consequence', 'acceptance', 'blueprint']","['internal state and emotion', 'association', 'internal state and emotion', 'other abstract concept']","[0.0, 0.5, 0.0, 0.5]"
recommendation,"['review', 'trust', 'expert', 'listing']","['sensorimotor feature', 'internal state and emotion', 'social constellation', 'association']","[0.25, 0.25, 0.25, 0.25]"
recovery,"['physiotherapy', 'resilience', 'hope', 'rebuilding']","['sensorimotor feature', 'internal state and emotion', 'internal state and emotion', 'other abstract concept']","[0.25, 0.5, 0.0, 0.25]"
regard,"['telescope', 'respect', 'portrait', 'memory']","['association', 'internal state and emotion', 'association', 'internal state and emotion']","[0.0, 0.5, 0.0, 0.5]"
relief,"['exhale', 'rain', 'shoulders', 'quiet']","['sensorimotor feature', 'association', 'sensorimotor feature', 'internal state and emotion']","[0.5, 0.25, 0.0, 0.25]"
remorse,"['apology', 'regret', 'consequence', 'silence']","['social constellation', 'internal state and emotion', 'association', 'association']","[0.0, 0.25, 0.25, 0.5]"
resemblance,"['twin', 'portrait', 'echo', 'family']","['sensorimotor feature', 'association', 'association', 'social constellation']","[0.25, 0.0, 0.25, 0.5]"
resistance,"['rubber', 'protest', 'static', 'shield']","['sensorimotor feature', 'social constellation', 'association', 'sensorimotor feature']","[0.5, 0.0, 0.25, 0.25]"
respect,"['bowing', 'listening', 'achievement', 'boundaries']","['sensorimotor feature', 'sensorimotor feature', 'association', 'other abstract concept']","[0.5, 0.0, 0.0, 0.5]"
responsibility,"['deadlines', 'trust', 'consequences', 'planning']","['association', 'social constellation', 'other abstract concept', 'internal state and emotion']","[0.0, 0.25, 0.25, 0.5]"
retaliation,"['escalation', 'defense', 'consequence', 'mirror']","['other abstract concept', 'sensorimotor feature', 'other abstract concept', 'association']","[0.25, 0.0, 0.0, 0.75]"
revenge,"['duel', 'betrayal', 'shadow', 'consequence']","['social constellation', 'social constellation', 'association', 'other abstract concept']","[0.0, 0.0, 0.5, 0.5]"
risk,"['parachute', 'gambling', 'surgery', 'volcano']","['sensorimotor feature', 'association', 'sensorimotor feature', 'association']","[0.5, 0.0, 0.0, 0.5]"
safety,"['helmet', 'lifeguard', 'secure', 'routine']","['sensorimotor feature', 'social constellation', 'other abstract concept', 'association']","[0.25, 0.0, 0.25, 0.5]"
satisfaction,"['accomplishment', 'dessert', 'sigh', 'clean']","['other abstract concept', 'association', 'internal state and emotion', 'sensorimotor feature']","[0.25, 0.25, 0.0, 0.5]"
self-dependence,"['resilience', 'solitude', 'resourcefulness', 'boundaries']","['internal state and emotion', 'social constellation', 'internal state and emotion', 'other abstract concept']","[0.0, 0.5, 0.25, 0.25]"
sensation,"['fireworks', 'velvet', 'goosebumps', 'spice']","['association', 'sensorimotor feature', 'sensorimotor feature', 'sensorimotor feature']","[0.75, 0.0, 0.0, 0.25]"
sensitivity,"['tears', 'art', 'storms', 'empathy']","['sensorimotor feature', 'association', 'association', 'other abstract concept']","[0.25, 0.0, 0.0, 0.75]"
shame,"['blush', 'silence', 'regret', 'hiding']","['sensorimotor feature', 'association', 'internal state and emotion', 'social constellation']","[0.25, 0.25, 0.25, 0.25]"
shyness,"['blushing', 'quiet', 'observing', 'hiding']","['sensorimotor feature', 'internal state and emotion', 'internal state and emotion', 'sensorimotor feature']","[0.5, 0.5, 0.0, 0.0]"
slapstick,"['pratfall', 'custard pie', 'exaggerated', 'vaudeville']","['sensorimotor feature', 'sensorimotor feature', 'other abstract concept', 'association']","[0.5, 0.0, 0.0, 0.5]"
solitude,"['hiking', 'library', 'telescope', 'sketchbook']","['sensorimotor feature', 'association', 'association', 'association']","[0.25, 0.0, 0.0, 0.75]"
stimulus,"['reflex', 'debate', 'craving', 'echo']","['sensorimotor feature', 'social constellation', 'internal state and emotion', 'association']","[0.25, 0.25, 0.25, 0.25]"
suffering,"['hospital', 'grief', 'resilience', 'silence']","['association', 'internal state and emotion', 'other abstract concept', 'sensorimotor feature']","[0.25, 0.25, 0.0, 0.5]"
support,"['scaffolding', 'backbone', 'encouragement', 'foundation']","['sensorimotor feature', 'sensorimotor feature', 'internal state and emotion', 'sensorimotor feature']","[0.75, 0.25, 0.0, 0.0]"
task,"['deadline', 'checklist', 'effort', 'reward']","['other abstract concept', 'association', 'internal state and emotion', 'association']","[0.0, 0.25, 0.0, 0.75]"
thirst,"['desert', 'lemon', 'dryness', 'oasis']","['association', 'sensorimotor feature', 'sensorimotor feature', 'association']","[0.5, 0.0, 0.0, 0.5]"
threat,"['storm', 'shadow', 'warning', 'consequence']","['association', 'association', 'sensorimotor feature', 'other abstract concept']","[0.25, 0.0, 0.0, 0.75]"
trend,"['fashion', 'data', 'viral', 'forecast']","['association', 'association', 'association', 'other abstract concept']","[0.0, 0.0, 0.0, 1.0]"
trust,"['handshake', 'secret', 'vulnerability', 'legacy']","['sensorimotor feature', 'association', 'internal state and emotion', 'other abstract concept']","[0.25, 0.25, 0.0, 0.5]"
vanity,"['mirror', 'peacock', 'compliment', 'posing']","['sensorimotor feature', 'association', 'social constellation', 'sensorimotor feature']","[0.5, 0.0, 0.25, 0.25]"
view,"['panorama', 'binoculars', 'window', 'perspective']","['sensorimotor feature', 'sensorimotor feature', 'sensorimotor feature', 'other abstract concept']","[0.75, 0.0, 0.0, 0.25]"
violation,"['consequence', 'boundary', 'rule', 'apology']","['association', 'other abstract concept', 'other abstract concept', 'social constellation']","[0.0, 0.0, 0.25, 0.75]"
war,"['trenches', 'flags', 'treaties', 'rubble']","['sensorimotor feature', 'association', 'other abstract concept', 'sensorimotor feature']","[0.5, 0.0, 0.0, 0.5]"
weakness,"['vulnerability', 'injury', 'doubt', 'fatigue']","['internal state and emotion', 'sensorimotor feature', 'internal state and emotion', 'sensorimotor feature']","[0.5, 0.5, 0.0, 0.0]"
welfare,"['food bank', 'healthcare', 'childcare', 'disability']","['association', 'association', 'association', 'association']","[0.0, 0.0, 0.0, 1.0]"
willingness,"['compromise', 'effort', 'persistence', 'openness']","['social constellation', 'sensorimotor feature', 'internal state and emotion', 'internal state and emotion']","[0.25, 0.5, 0.25, 0.0]"
wish,"['stars', 'birthday', 'fountain', 'hope']","['association', 'association', 'association', 'internal state and emotion']","[0.0, 0.25, 0.0, 0.75]"
wonder,"['telescope', 'snowfall', 'question', 'marble']","['sensorimotor feature', 'association', 'other abstract concept', 'association']","[0.25, 0.0, 0.0, 0.75]"
work,"['deadline', 'spreadsheet', 'commute', 'coffee']","['other abstract concept', 'sensorimotor feature', 'sensorimotor feature', 'association']","[0.5, 0.0, 0.0, 0.5]"
worry,"['bills', 'exams', 'storms', 'shadows']","['association', 'association', 'association', 'association']","[0.0, 0.0, 0.0, 1.0]"
ability,"['talent', 'learning', 'confidence', 'potential']","['other abstract concept', 'other abstract concept', 'internal state and emotion', 'other abstract concept']","[0.0, 0.25, 0.0, 0.75]"
achievement,"['diploma', 'summit', 'medal', 'recognition']","['association', 'association', 'association', 'social constellation']","[0.0, 0.0, 0.25, 0.75]"
advantage,"['opportunity', 'skill', 'leverage', 'foresight']","['other abstract concept', 'other abstract concept', 'other abstract concept', 'other abstract concept']","[0.0, 0.0, 0.0, 1.0]"
advice,"['mentor', 'letter', 'crossroads', 'listening']","['social constellation', 'association', 'association', 'sensorimotor feature']","[0.25, 0.0, 0.25, 0.5]"
agreement,"['contract', 'compromise', 'handshake', 'negotiation']","['other abstract concept', 'other abstract concept', 'sensorimotor feature', 'social constellation']","[0.25, 0.0, 0.25, 0.5]"
amazement,"['fireworks', 'discovery', 'gasp', 'wonder']","['association', 'other abstract concept', 'sensorimotor feature', 'internal state and emotion']","[0.25, 0.25, 0.0, 0.5]"
amusement,"['rollercoasters', 'laughter', 'clowns', 'arcade']","['sensorimotor feature', 'internal state and emotion', 'association', 'association']","[0.25, 0.25, 0.0, 0.5]"
anger,"['clenched fists', 'red face', 'shouting', 'frustration']","['sensorimotor feature', 'sensorimotor feature', 'sensorimotor feature', 'internal state and emotion']","[0.75, 0.25, 0.0, 0.0]"
anxiety,"['racing heart', 'sleeplessness', 'avoidance', 'worry']","['sensorimotor feature', 'sensorimotor feature', 'internal state and emotion', 'internal state and emotion']","[0.5, 0.5, 0.0, 0.0]"
appearance,"['mirror', 'first impression', 'disguise', 'portrait']","['sensorimotor feature', 'social constellation', 'sensorimotor feature', 'association']","[0.5, 0.0, 0.25, 0.25]"
appetite,"['hunger', 'cookbook', 'picnic', 'metabolism']","['sensorimotor feature', 'association', 'association', 'other abstract concept']","[0.25, 0.0, 0.0, 0.75]"
application,"['resume', 'software', 'permit', 'interview']","['association', 'association', 'other abstract concept', 'social constellation']","[0.0, 0.0, 0.25, 0.75]"
aspect,"['perspective', 'reflection', 'facet', 'viewpoint']","['other abstract concept', 'other abstract concept', 'other abstract concept', 'other abstract concept']","[0.0, 0.0, 0.0, 1.0]"
assassination,"['conspiracy', 'impact', 'motive', 'aftermath']","['social constellation', 'other abstract concept', 'internal state and emotion', 'association']","[0.0, 0.25, 0.25, 0.5]"
astonishment,"['fireworks', 'dropped jaw', 'sudden discovery', 'wide eyes']","['association', 'sensorimotor feature', 'internal state and emotion', 'sensorimotor feature']","[0.5, 0.25, 0.0, 0.25]"
attack,"['ambush', 'defense', 'strategy', 'vulnerability']","['sensorimotor feature', 'other abstract concept', 'other abstract concept', 'internal state and emotion']","[0.25, 0.25, 0.0, 0.5]"
beauty,"['sunset', 'sculpture', 'confidence', 'stillness']","['sensorimotor feature', 'sensorimotor feature', 'internal state and emotion', 'sensorimotor feature']","[0.75, 0.25, 0.0, 0.0]"
being,"['existence', 'consciousness', 'responsibility', 'potential']","['other abstract concept', 'internal state and emotion', 'other abstract concept', 'other abstract concept']","[0.0, 0.25, 0.0, 0.75]"
betrayal,"['knife', 'secret', 'mask', 'silence']","['sensorimotor feature', 'association', 'association', 'association']","[0.25, 0.0, 0.0, 0.75]"
blackmail,"['secrets', 'threats', 'extortion', 'silence']","['association', 'internal state and emotion', 'other abstract concept', 'association']","[0.0, 0.25, 0.0, 0.75]"
career,"['ambition', 'networking', 'deadlines', 'mentorship']","['internal state and emotion', 'social constellation', 'other abstract concept', 'social constellation']","[0.0, 0.25, 0.5, 0.25]"
catastrophe,"['rubble', 'warning', 'panic', 'aftermath']","['sensorimotor feature', 'association', 'internal state and emotion', 'other abstract concept']","[0.25, 0.25, 0.0, 0.5]"
caution,"['yellow', 'slippery', 'sign', 'slow']","['sensorimotor feature', 'sensorimotor feature', 'association', 'sensorimotor feature']","[0.75, 0.0, 0.0, 0.25]"
challenge,"['obstacle', 'growth', 'strategy', 'discomfort']","['sensorimotor feature', 'other abstract concept', 'other abstract concept', 'internal state and emotion']","[0.25, 0.25, 0.0, 0.5]"
chaos,"['storm', 'puzzle', 'laughter', 'growth']","['sensorimotor feature', 'association', 'internal state and emotion', 'other abstract concept']","[0.25, 0.25, 0.0, 0.5]"
character,"['costume', 'flaws', 'narrative', 'bravery']","['sensorimotor feature', 'internal state and emotion', 'association', 'internal state and emotion']","[0.25, 0.5, 0.0, 0.25]"
commitment,"['wedding', 'deadlines', 'volunteering', 'loyalty']","['social constellation', 'other abstract concept', 'social constellation', 'internal state and emotion']","[0.0, 0.25, 0.5, 0.25]"
compassion,"['tears', 'volunteering', 'listening', 'forgiveness']","['sensorimotor feature', 'social constellation', 'sensorimotor feature', 'other abstract concept']","[0.5, 0.0, 0.25, 0.25]"
compulsion,"['gambling', 'ritual', 'anxiety', 'hoarding']","['association', 'association', 'internal state and emotion', 'association']","[0.0, 0.25, 0.0, 0.75]"
conflict,"['negotiation', 'tension', 'resolution', 'disagreement']","['social constellation', 'internal state and emotion', 'other abstract concept', 'social constellation']","[0.0, 0.25, 0.5, 0.25]"
convention,"['brochures', 'name tags', 'keynote', 'ballroom']","['association', 'social constellation', 'association', 'association']","[0.0, 0.0, 0.25, 0.75]"
cooperation,"['teamwork', 'compromise', 'project', 'negotiation']","['social constellation', 'internal state and emotion', 'association', 'social constellation']","[0.0, 0.25, 0.5, 0.25]"
courage,"['mountains', 'speaking', 'rescue', 'stillness']","['association', 'sensorimotor feature', 'social constellation', 'internal state and emotion']","[0.25, 0.25, 0.25, 0.25]"
crime,"['investigation', 'consequence', 'victim', 'alibi']","['association', 'other abstract concept', 'social constellation', 'association']","[0.0, 0.0, 0.25, 0.75]"
culture,"['museum', 'ritual', 'language', 'cuisine']","['association', 'social constellation', 'other abstract concept', 'sensorimotor feature']","[0.25, 0.0, 0.25, 0.5]"
custom,"['tailoring', 'software', 'jewelry', 'branding']","['sensorimotor feature', 'association', 'association', 'association']","[0.25, 0.0, 0.0, 0.75]"
death,"['mourning', 'legacy', 'silence', 'transformation']","['internal state and emotion', 'association', 'sensorimotor feature', 'other abstract concept']","[0.25, 0.25, 0.0, 0.5]"
decision,"['crossroads', 'consequences', 'analysis', 'risk']","['association', 'other abstract concept', 'internal state and emotion', 'other abstract concept']","[0.0, 0.25, 0.0, 0.75]"
demand,"['negotiation', 'scarcity', 'urgency', 'invoice']","['social constellation', 'association', 'internal state and emotion', 'association']","[0.0, 0.25, 0.25, 0.5]"
desperation,"['pleading', 'isolation', 'frantic', 'tunnel vision']","['social constellation', 'social constellation', 'internal state and emotion', 'internal state and emotion']","[0.0, 0.5, 0.5, 0.0]"
dictatorship,"['control', 'propaganda', 'fear', 'rebellion']","['other abstract concept', 'association', 'internal state and emotion', 'social constellation']","[0.0, 0.25, 0.25, 0.5]"
difference,"['contrast', 'debate', 'evolution', 'individuality']","['other abstract concept', 'social constellation', 'other abstract concept', 'other abstract concept']","[0.0, 0.0, 0.25, 0.75]"
difficulty,"['puzzle', 'learning', 'challenge', 'frustration']","['sensorimotor feature', 'other abstract concept', 'other abstract concept', 'internal state and emotion']","[0.25, 0.25, 0.0, 0.5]"
disappointment,"['rain', 'missed opportunity', 'slumped shoulders', 'unfinished project']","['association', 'other abstract concept', 'sensorimotor feature', 'other abstract concept']","[0.25, 0.0, 0.0, 0.75]"
disgust,"['spoiled milk', 'rotten eggs', 'wrinkled nose', 'crawling insects']","['sensorimotor feature', 'sensorimotor feature', 'sensorimotor feature', 'sensorimotor feature']","[1.0, 0.0, 0.0, 0.0]"
distance,"['travel', 'echo', 'stars', 'map']","['sensorimotor feature', 'association', 'association', 'association']","[0.25, 0.0, 0.0, 0.75]"
diversity,"['mosaic', 'ecosystem', 'languages', 'perspectives']","['association', 'association', 'association', 'other abstract concept']","[0.0, 0.0, 0.0, 1.0]"
doubt,"['questioning', 'shadows', 'hesitation', 'uncertainty']","['other abstract concept', 'association', 'internal state and emotion', 'internal state and emotion']","[0.0, 0.5, 0.0, 0.5]"
dream,"['sleep', 'stars', 'canvas', 'memory']","['sensorimotor feature', 'association', 'association', 'internal state and emotion']","[0.25, 0.25, 0.0, 0.5]"
duty,"['responsibility', 'uniform', 'calendar', 'sacrifice']","['other abstract concept', 'association', 'association', 'internal state and emotion']","[0.0, 0.25, 0.0, 0.75]"
elegance,"['ballroom', 'pearl', 'stillness', 'tailoring']","['association', 'association', 'sensorimotor feature', 'sensorimotor feature']","[0.5, 0.0, 0.0, 0.5]"
enthusiasm,"['spark', 'project', 'cheering', 'learning']","['association', 'other abstract concept', 'social constellation', 'internal state and emotion']","[0.0, 0.25, 0.25, 0.5]"
error,"['debugging', 'typos', 'frustration', 'glitch']","['other abstract concept', 'sensorimotor feature', 'internal state and emotion', 'association']","[0.25, 0.25, 0.0, 0.5]"
excitement,"['rollercoasters', 'fireworks', 'butterflies', 'anticipation']","['sensorimotor feature', 'sensorimotor feature', 'sensorimotor feature', 'internal state and emotion']","[0.75, 0.25, 0.0, 0.0]"
experience,"['travel', 'memory', 'lesson', 'growth']","['sensorimotor feature', 'internal state and emotion', 'other abstract concept', 'other abstract concept']","[0.25, 0.25, 0.0, 0.5]"
fantasy,"['dragons', 'quests', 'magic', 'illusions']","['association', 'association', 'association', 'association']","[0.0, 0.0, 0.0, 1.0]"
fate,"['stars', 'consequence', 'destiny', 'choice']","['association', 'other abstract concept', 'other abstract concept', 'other abstract concept']","[0.0, 0.0, 0.0, 1.0]"
fear,"['darkness', 'heights', 'spiders', 'test']","['sensorimotor feature', 'sensorimotor feature', 'sensorimotor feature', 'association']","[0.75, 0.0, 0.0, 0.25]"
fitness,"['gym', 'running', 'energy', 'diet']","['sensorimotor feature', 'sensorimotor feature', 'internal state and emotion', 'association']","[0.5, 0.25, 0.0, 0.25]"
force,"['gravity', 'push', 'impact', 'magnetism']","['other abstract concept', 'sensorimotor feature', 'sensorimotor feature', 'other abstract concept']","[0.5, 0.0, 0.0, 0.5]"
freedom,"['birds', 'rebellion', 'open road', 'choice']","['association', 'other abstract concept', 'sensorimotor feature', 'internal state and emotion']","[0.25, 0.25, 0.0, 0.5]"
genius,"['innovation', 'puzzles', 'insight', 'prodigy']","['other abstract concept', 'association', 'internal state and emotion', 'social constellation']","[0.0, 0.25, 0.25, 0.5]"
grace,"['ballet', 'composure', 'heirloom', 'forgiveness']","['sensorimotor feature', 'internal state and emotion', 'association', 'other abstract concept']","[0.25, 0.25, 0.0, 0.5]"
habit,"['routine', 'fidget', 'willpower', 'trigger']","['other abstract concept', 'sensorimotor feature', 'internal state and emotion', 'association']","[0.25, 0.25, 0.0, 0.5]"
happiness,"['laughter', 'vacation', 'accomplishment', 'puppy']","['sensorimotor feature', 'association', 'internal state and emotion', 'association']","[0.25, 0.25, 0.0, 0.5]"
hate,"['anger', 'betrayal', 'conflict', 'rejection']","['internal state and emotion', 'social constellation', 'social constellation', 'social constellation']","[0.0, 0.25, 0.75, 0.0]"
hint,"['clue', 'mystery', 'whisper', 'puzzle']","['association', 'other abstract concept', 'sensorimotor feature', 'other abstract concept']","[0.25, 0.0, 0.0, 0.75]"
home,"['warmth', 'memories', 'garden', 'shelter']","['sensorimotor feature', 'internal state and emotion', 'association', 'sensorimotor feature']","[0.5, 0.25, 0.0, 0.25]"
hope,"['anchor', 'sunrise', 'resilience', 'journey']","['association', 'association', 'internal state and emotion', 'other abstract concept']","[0.0, 0.25, 0.0, 0.75]"
horror,"['screams', 'shadows', 'decay', 'suspense']","['sensorimotor feature', 'association', 'sensorimotor feature', 'internal state and emotion']","[0.5, 0.25, 0.0, 0.25]"
idea,"['spark', 'blueprint', 'question', 'invention']","['association', 'other abstract concept', 'other abstract concept', 'other abstract concept']","[0.0, 0.0, 0.0, 1.0]"
illusion,"['magic', 'mirage', 'deception', 'dream']","['association', 'sensorimotor feature', 'other abstract concept', 'internal state and emotion']","[0.25, 0.25, 0.0, 0.5]"
incentive,"['bonus', 'competition', 'motivation', 'reward']","['association', 'social constellation', 'internal state and emotion', 'association']","[0.0, 0.25, 0.25, 0.5]"
independence,"['self-reliance', 'travel', 'homestead', 'voting']","['internal state and emotion', 'sensorimotor feature', 'association', 'social constellation']","[0.25, 0.25, 0.25, 0.25]"
influence,"['persuasion', 'ripple', 'legacy', 'power']","['social constellation', 'association', 'association', 'other abstract concept']","[0.0, 0.0, 0.25, 0.75]"
insult,"['anger', 'sarcasm', 'humiliation', 'argument']","['internal state and emotion', 'association', 'internal state and emotion', 'social constellation']","[0.0, 0.5, 0.25, 0.25]"
insurrection,"['revolution', 'barricades', 'defiance', 'chaos']","['other abstract concept', 'sensorimotor feature', 'internal state and emotion', 'association']","[0.25, 0.25, 0.0, 0.5]"
invention,"['eureka', 'patent', 'prototype', 'disruption']","['internal state and emotion', 'association', 'sensorimotor feature', 'other abstract concept']","[0.25, 0.25, 0.0, 0.5]"
jealousy,"['suspicion', 'green', 'competition', 'insecurity']","['internal state and emotion', 'association', 'social constellation', 'internal state and emotion']","[0.0, 0.5, 0.25, 0.25]"
judgement,"['scales', 'consequence', 'debate', 'scrutiny']","['sensorimotor feature', 'other abstract concept', 'social constellation', 'social constellation']","[0.25, 0.0, 0.5, 0.25]"
justice,"['scales', 'courtroom', 'fairness', 'protest']","['sensorimotor feature', 'association', 'other abstract concept', 'social constellation']","[0.25, 0.0, 0.25, 0.5]"
knowledge,"['library', 'telescope', 'debate', 'memory']","['association', 'association', 'social constellation', 'internal state and emotion']","[0.0, 0.25, 0.25, 0.5]"
love,"['devotion', 'sacrifice', 'butterflies', 'home']","['internal state and emotion', 'association', 'sensorimotor feature', 'association']","[0.25, 0.25, 0.0, 0.5]"
luxury,"['yacht', 'silk', 'spa', 'penthouse']","['sensorimotor feature', 'sensorimotor feature', 'sensorimotor feature', 'sensorimotor feature']","[1.0, 0.0, 0.0, 0.0]"
magic,"['illusion', 'wand', 'potion', 'mystery']","['sensorimotor feature', 'sensorimotor feature', 'sensorimotor feature', 'association']","[0.75, 0.0, 0.0, 0.25]"
manipulation,"['gaslighting', 'puppetry', 'persuasion', 'control']","['internal state and emotion', 'social constellation', 'social constellation', 'other abstract concept']","[0.0, 0.25, 0.5, 0.25]"
memory,"['photograph', 'forgetting', 'nostalgia', 'scent']","['association', 'other abstract concept', 'internal state and emotion', 'sensorimotor feature']","[0.25, 0.25, 0.0, 0.5]"
menace,"['shadow', 'storm', 'warning', 'predator']","['association', 'association', 'other abstract concept', 'social constellation']","[0.0, 0.0, 0.25, 0.75]"
misdemeanor,"['courtroom', 'fine', 'probation', 'apology']","['association', 'other abstract concept', 'other abstract concept', 'internal state and emotion']","[0.0, 0.25, 0.0, 0.75]"
mockery,"['laughter', 'teasing', 'disguise', 'ridicule']","['internal state and emotion', 'social constellation', 'association', 'other abstract concept']","[0.0, 0.25, 0.25, 0.5]"
moment,"['photograph', 'fleeting', 'decision', 'anticipation']","['association', 'sensorimotor feature', 'internal state and emotion', 'internal state and emotion']","[0.25, 0.5, 0.0, 0.25]"
mood,"['rain', 'music', 'memory', 'color']","['association', 'association', 'internal state and emotion', 'association']","[0.0, 0.25, 0.0, 0.75]"
nervousness,"['sweating', 'exam', 'butterflies', 'fidgeting']","['sensorimotor feature', 'association', 'internal state and emotion', 'sensorimotor feature']","[0.5, 0.25, 0.0, 0.25]"
nightmare,"['shadows', 'screaming', 'trapped', 'confusion']","['sensorimotor feature', 'sensorimotor feature', 'sensorimotor feature', 'internal state and emotion']","[0.75, 0.25, 0.0, 0.0]"
notion,"['idea', 'philosophy', 'sketch', 'memory']","['other abstract concept', 'other abstract concept', 'sensorimotor feature', 'internal state and emotion']","[0.25, 0.25, 0.0, 0.5]"
obedience,"['military', 'training', 'manners', 'loyalty']","['association', 'association', 'association', 'internal state and emotion']","[0.0, 0.25, 0.0, 0.75]"
obligation,"['contract', 'guilt', 'responsibility', 'promise']","['association', 'internal state and emotion', 'other abstract concept', 'social constellation']","[0.0, 0.25, 0.25, 0.5]"
observation,"['telescope', 'detective', 'nature', 'memory']","['sensorimotor feature', 'social constellation', 'association', 'internal state and emotion']","[0.25, 0.25, 0.25, 0.25]"
occupation,"['career', 'salary', 'responsibility', 'commute']","['other abstract concept', 'association', 'other abstract concept', 'sensorimotor feature']","[0.25, 0.0, 0.0, 0.75]"
order,"['queue', 'recipe', 'chaos', 'sequence']","['sensorimotor feature', 'association', 'other abstract concept', 'other abstract concept']","[0.25, 0.0, 0.0, 0.75]"
ostracism,"['exile', 'whispers', 'rejection', 'isolation']","['other abstract concept', 'association', 'other abstract concept', 'social constellation']","[0.0, 0.0, 0.25, 0.75]"
overview,"['map', 'summary', 'helicopter', 'scope']","['sensorimotor feature', 'other abstract concept', 'association', 'other abstract concept']","[0.25, 0.0, 0.0, 0.75]"
passion,"['fire', 'dedication', 'art', 'racing']","['association', 'internal state and emotion', 'association', 'association']","[0.0, 0.25, 0.0, 0.75]"
perception,"['camera', 'bias', 'intuition', 'pattern']","['sensorimotor feature', 'internal state and emotion', 'internal state and emotion', 'association']","[0.25, 0.5, 0.0, 0.25]"
performance,"['stage', 'review', 'effort', 'spotlight']","['sensorimotor feature', 'association', 'internal state and emotion', 'sensorimotor feature']","[0.5, 0.25, 0.0, 0.25]"
pleasure,"['chocolate', 'laughter', 'vacation', 'accomplishment']","['sensorimotor feature', 'internal state and emotion', 'association', 'other abstract concept']","[0.25, 0.25, 0.0, 0.5]"
potential,"['growth', 'risk', 'promise', 'energy']","['other abstract concept', 'other abstract concept', 'other abstract concept', 'sensorimotor feature']","[0.25, 0.0, 0.0, 0.75]"
power,"['electricity', 'muscles', 'influence', 'roar']","['sensorimotor feature', 'sensorimotor feature', 'other abstract concept', 'association']","[0.5, 0.0, 0.0, 0.5]"
present,"['gift', 'slideshow', 'occasion', 'tension']","['association', 'association', 'association', 'internal state and emotion']","[0.0, 0.25, 0.0, 0.75]"
problem,"['puzzle', 'frustration', 'solution', 'challenge']","['sensorimotor feature', 'internal state and emotion', 'other abstract concept', 'other abstract concept']","[0.25, 0.25, 0.0, 0.5]"
promise,"['contract', 'hope', 'wedding', 'consequence']","['other abstract concept', 'internal state and emotion', 'social constellation', 'other abstract concept']","[0.0, 0.25, 0.25, 0.5]"
proposal,"['engagement', 'contract', 'presentation', 'negotiation']","['social constellation', 'association', 'sensorimotor feature', 'social constellation']","[0.25, 0.0, 0.5, 0.25]"
protection,"['shield', 'insurance', 'fortress', 'cocoon']","['sensorimotor feature', 'association', 'sensorimotor feature', 'sensorimotor feature']","[0.75, 0.0, 0.0, 0.25]"
punishment,"['prison', 'consequence', 'regret', 'discipline']","['sensorimotor feature', 'other abstract concept', 'internal state and emotion', 'other abstract concept']","[0.25, 0.25, 0.0, 0.5]"
quality,"['craftsmanship', 'reputation', 'assurance', 'discernment']","['sensorimotor feature', 'association', 'internal state and emotion', 'other abstract concept']","[0.25, 0.25, 0.0, 0.5]"
quantity,"['measurement', 'bulk', 'scarcity', 'inventory']","['sensorimotor feature', 'sensorimotor feature', 'other abstract concept', 'association']","[0.5, 0.0, 0.0, 0.5]"
rage,"['volcano', 'clenched fist', 'scarlet', 'storm']","['association', 'sensorimotor feature', 'association', 'association']","[0.25, 0.0, 0.0, 0.75]"
reassurance,"['blanket', 'nod', 'calm', 'promise']","['sensorimotor feature', 'sensorimotor feature', 'internal state and emotion', 'other abstract concept']","[0.5, 0.25, 0.0, 0.25]"
regret,"['missed opportunities', 'apology', 'second thoughts', 'bitterness']","['association', 'social constellation', 'internal state and emotion', 'internal state and emotion']","[0.0, 0.5, 0.25, 0.25]"
requirement,"['contract', 'deadline', 'justification', 'process']","['association', 'association', 'other abstract concept', 'other abstract concept']","[0.0, 0.0, 0.0, 1.0]"
resolution,"['new year', 'detective', 'pixel', 'argument']","['association', 'association', 'sensorimotor feature', 'social constellation']","[0.25, 0.0, 0.25, 0.5]"
revolution,"['upheaval', 'guillotine', 'progress', 'manifesto']","['other abstract concept', 'association', 'other abstract concept', 'association']","[0.0, 0.0, 0.0, 1.0]"
ritual,"['dance', 'ceremony', 'habit', 'pattern']","['sensorimotor feature', 'social constellation', 'association', 'other abstract concept']","[0.25, 0.0, 0.25, 0.5]"
romantic,"['candlelit', 'travel', 'poetry', 'proposal']","['sensorimotor feature', 'association', 'association', 'social constellation']","[0.25, 0.0, 0.25, 0.5]"
scheme,"['blueprint', 'deception', 'lottery', 'strategy']","['sensorimotor feature', 'internal state and emotion', 'association', 'other abstract concept']","[0.25, 0.25, 0.0, 0.5]"
skill,"['practice', 'craft', 'problem', 'talent']","['sensorimotor feature', 'sensorimotor feature', 'other abstract concept', 'internal state and emotion']","[0.5, 0.25, 0.0, 0.25]"
stress,"['deadlines', 'insomnia', 'clenched jaw', 'racing heart']","['other abstract concept', 'internal state and emotion', 'sensorimotor feature', 'sensorimotor feature']","[0.5, 0.25, 0.0, 0.25]"
success,"['achievement', 'effort', 'reward', 'growth']","['other abstract concept', 'internal state and emotion', 'association', 'other abstract concept']","[0.0, 0.25, 0.0, 0.75]"
surprise,"['confetti', 'gasp', 'question mark', 'unexpected']","['association', 'sensorimotor feature', 'association', 'internal state and emotion']","[0.25, 0.25, 0.0, 0.5]"
talent,"['stage', 'practice', 'innovation', 'recognition']","['sensorimotor feature', 'sensorimotor feature', 'other abstract concept', 'social constellation']","[0.5, 0.0, 0.25, 0.25]"
terrorism,"['bombings', 'fear', 'propaganda', 'hostage']","['sensorimotor feature', 'internal state and emotion', 'association', 'social constellation']","[0.25, 0.25, 0.25, 0.25]"
theory,"['equations', 'debate', 'prediction', 'framework']","['sensorimotor feature', 'social constellation', 'other abstract concept', 'other abstract concept']","[0.25, 0.0, 0.25, 0.5]"
thought,"['memory', 'puzzle', 'future', 'silence']","['association', 'association', 'other abstract concept', 'sensorimotor feature']","[0.25, 0.0, 0.0, 0.75]"
tradition,"['wedding', 'recipe', 'storytelling', 'heirloom']","['social constellation', 'sensorimotor feature', 'association', 'association']","[0.25, 0.0, 0.25, 0.5]"
value,"['currency', 'ethics', 'antiques', 'opinion']","['sensorimotor feature', 'other abstract concept', 'association', 'internal state and emotion']","[0.25, 0.25, 0.0, 0.5]"
victory,"['trophy', 'challenge', 'relief', 'parade']","['association', 'other abstract concept', 'internal state and emotion', 'social constellation']","[0.0, 0.25, 0.25, 0.5]"
violence,"['protest', 'injury', 'anger', 'weapon']","['social constellation', 'sensorimotor feature', 'internal state and emotion', 'association']","[0.25, 0.25, 0.25, 0.25]"
warning,"['siren', 'storm', 'caution', 'sign']","['sensorimotor feature', 'association', 'internal state and emotion', 'sensorimotor feature']","[0.5, 0.25, 0.0, 0.25]"
wealth,"['inheritance', 'yachts', 'philanthropy', 'security']","['association', 'sensorimotor feature', 'social constellation', 'internal state and emotion']","[0.25, 0.25, 0.25, 0.25]"
will,"['testament', 'future', 'choice', 'power']","['association', 'other abstract concept', 'other abstract concept', 'other abstract concept']","[0.0, 0.0, 0.0, 1.0]"
wit,"['banter', 'observation', 'timing', 'sarcasm']","['social constellation', 'sensorimotor feature', 'association', 'social constellation']","[0.25, 0.0, 0.5, 0.25]"
stability,"['bedrock', 'gyroscope', 'routine', 'scaffolding']","['sensorimotor feature', 'sensorimotor feature', 'association', 'association']","[0.5, 0.0, 0.0, 0.5]"
selection,"['audition', 'menu', 'lottery', 'curator']","['sensorimotor feature', 'association', 'association', 'social constellation']","[0.25, 0.0, 0.25, 0.5]"
