id,word
1,ability
2,abundance
3,accident
4,accomplishment
5,accumulation
6,acquisition
7,acre
8,addition
9,admiration
10,advantage
11,adventurer
12,adversity
13,advice
14,affection
15,alley
16,alligator
17,ally
18,alphabet
19,ambition
20,ambulance
21,amount
22,amplitude
23,anger
24,animal
25,ankle
26,announcement
27,annoyance
28,anxiety
29,apology
30,appeal
31,apple
32,appointment
33,arc
34,arrangement
35,arrow
36,art
37,article
38,artist
39,aspect
40,assault
41,assistance
42,assumption
43,atom
44,atrocity
45,attempt
46,attention
47,attitude
48,autumn
49,availability
50,awareness
51,baby
52,bag
53,ball
54,ballot
55,banana
56,band
57,bandit
58,bank
59,beast
60,beauty
61,beaver
62,bed
63,bedroom
64,beetle
65,behavior
66,belief
67,bell
68,benefactor
69,bet
70,betrayal
71,beverage
72,bird
73,blade
74,blood
75,boat
76,body
77,bolt
78,border
79,boredom
80,bottle
81,boulder
82,boundary
83,boy
84,bracelet
85,brain
86,branch
87,brawl
88,brevity
89,bridge
90,brother
91,brute
92,bubble
93,bullet
94,burner
95,butter
96,butterfly
97,cake
98,calculation
99,calendar
100,camera
101,candidate
102,candy
103,capacity
104,car
105,cat
106,category
107,caterpillar
108,cause
109,ceiling
110,ceremony
111,chair
112,chance
113,character
114,charity
115,charter
116,chicken
117,chief
118,child
119,chipmunk
120,chlorine
121,chocolate
122,christmas
123,church
124,circuit
125,circumstance
126,city
127,claim
128,clean
129,clearance
130,cliff
131,cloth
132,clothing
133,cocktail
134,coffee
135,coffin
136,cognition
137,coincidence
138,combination
139,comparison
140,competence
141,complication
142,composer
143,comprehension
144,conclusion
145,conference
146,confidence
147,conscience
148,consequence
149,consideration
150,consistency
151,construction
152,contempt
153,context
154,contract
155,convergence
156,core
157,corn
158,corporation
159,corpse
160,correspondent
161,costume
162,cottage
163,coupon
164,cow
165,cowardice
166,cranberry
167,crime
168,crisis
169,criticism
170,crocodile
171,crown
172,cucumber
173,cup
174,curfew
175,dad
176,dagger
177,damage
178,danger
179,darkness
180,debt
181,deceit
182,decision
183,deduction
184,definition
185,degree
186,democracy
187,denial
188,dentist
189,deputy
190,description
191,design
192,desk
193,despair
194,destiny
195,determination
196,development
197,diamond
198,diet
199,difference
200,dilemma
201,dimension
202,disagreement
203,disappointment
204,disaster
205,disgust
206,distance
207,distraction
208,distribution
209,ditch
210,diversity
211,division
212,doctor
213,donor
214,door
215,dove
216,dozen
217,drama
218,drug
219,drum
220,duck
221,duel
222,duration
223,duty
224,dynasty
225,eagle
226,economy
227,edge
228,effect
229,effort
230,eight
231,electricity
232,elephant
233,emergence
234,empire
235,empty
236,enemy
237,engagement
238,entrance
239,entree
240,envy
241,episode
242,equality
243,error
244,escape
245,establishment
246,event
247,evidence
248,example
249,exception
250,exclusion
251,explanation
252,expression
253,extent
254,eyeball
255,fabric
256,fact
257,factory
258,faith
259,fallacy
260,fantasy
261,fat
262,fate
263,father
264,fear
265,fifteen
266,fight
267,figure
268,file
269,fireplace
270,fisherman
271,flask
272,flavor
273,fog
274,food
275,football
276,forest
277,form
278,foundation
279,fountain
280,freedom
281,friendship
282,frog
283,frustration
284,future
285,gender
286,genuine
287,germ
288,gesture
289,girl
290,gorilla
291,grammar
292,grandmother
293,grass
294,grasshopper
295,grief
296,group
297,guess
298,guide
299,guilt
300,gun
301,handkerchief
302,hat
303,hatred
304,hazard
305,heap
306,heart
307,helmet
308,helplessness
309,heresy
310,hierarchy
311,hobby
312,hog
313,holiday
314,honesty
315,hope
316,horse
317,hospital
318,hotel
319,hurricane
320,hurt
321,idea
322,identification
323,identity
324,idiom
325,ignition
326,ignorance
327,imagination
328,immortality
329,impairment
330,importance
331,impossibility
332,improvement
333,incentive
334,inch
335,incident
336,income
337,increase
338,independence
339,individual
340,industry
341,infection
342,information
343,injury
344,inn
345,insight
346,instance
347,instinct
348,institute
349,instructor
350,integrity
351,intelligence
352,intention
353,interaction
354,interior
355,interruption
356,introduction
357,iron
358,irony
359,irrigation
360,island
361,issue
362,itch
363,item
364,jacket
365,jerk
366,jewel
367,job
368,justice
369,justification
370,key
371,kindness
372,kite
373,kitten
374,knife
375,knowledge
376,lake
377,lamb
378,lamp
379,landscape
380,lane
381,latch
382,laughter
383,laundry
384,law
385,leader
386,leadership
387,legality
388,lemon
389,length
390,lens
391,leopard
392,lesson
393,lettuce
394,liar
395,lightning
396,lily
397,limitation
398,line
399,linen
400,lion
401,lip
402,lisp
403,literature
404,lizard
405,loafer
406,loan
407,lobster
408,location
409,lock
410,logic
411,love
412,lunch
413,macaroni
414,magic
415,magnitude
416,majority
417,malice
418,mankind
419,manner
420,mansion
421,march
422,margin
423,marriage
424,master
425,mastery
426,material
427,math
428,mattress
429,measure
430,medicine
431,meeting
432,member
433,memory
434,menu
435,mercy
436,message
437,metaphor
438,method
439,microscope
440,midnight
441,mile
442,mileage
443,mind
444,miracle
445,misery
446,missile
447,mold
448,moment
449,money
450,month
451,moonlight
452,moral
453,mosquito
454,mother
455,mountain
456,mud
457,murder
458,music
459,mustard
460,mystery
461,myth
462,name
463,nation
464,necessity
465,neck
466,necklace
467,neighborhood
468,nerve
469,newspaper
470,nose
471,number
472,nurse
473,object
474,obstruction
475,occasion
476,occupation
477,ocean
478,odor
479,onion
480,opera
481,opinion
482,opponent
483,opportunity
484,opposition
485,orchestra
486,orchid
487,origin
488,originality
489,outcome
490,outfit
491,oven
492,owner
493,ownership
494,palace
495,paradigm
496,paragraph
497,parish
498,park
499,past
500,pawn
501,payment
502,peace
503,peacemaker
504,peach
505,perception
506,performance
507,permission
508,personality
509,pest
510,phenomenon
511,philosophy
512,photo
513,photograph
514,physics
515,pie
516,pig
517,pigeon
518,pile
519,pill
520,pillow
521,pimple
522,play
523,poetry
524,policeman
525,poll
526,pond
527,pool
528,possibility
529,potato
530,prediction
531,preference
532,preparation
533,presence
534,pretense
535,principle
536,produce
537,production
538,professor
539,promotion
540,proof
541,prop
542,propeller
543,property
544,proportion
545,protection
546,psalm
547,puddle
548,punishment
549,puppy
550,purpose
551,pyramid
552,quality
553,queen
554,rabbit
555,radio
556,rainbow
557,raspberry
558,real
559,reality
560,reason
561,rebel
562,recital
563,recognition
564,record
565,reduction
566,reflex
567,refrigerator
568,regret
569,regulation
570,reinforcement
571,relief
572,rent
573,replacement
574,republic
575,reputation
576,requirement
577,resort
578,response
579,responsibility
580,result
581,retention
582,revenge
583,rhyme
584,riddle
585,ring
586,riot
587,risk
588,river
589,road
590,robbery
591,robin
592,rocket
593,roof
594,route
595,rule
596,sadness
597,safety
598,salad
599,salary
600,saloon
601,sanctuary
602,sandal
603,satisfaction
604,scene
605,scent
606,scholar
607,season
608,second
609,security
610,sedative
611,segment
612,selection
613,self
614,separation
615,shame
616,shape
617,shark
618,shirt
619,shock
620,shortness
621,show
622,shrimp
623,sight
624,significance
625,silence
626,sister
627,site
628,situation
629,size
630,skill
631,skin
632,skull
633,skunk
634,sky
635,smell
636,snake
637,sneeze
638,snow
639,sofa
640,sole
641,soul
642,sow
643,specialist
644,specimen
645,speech
646,spelling
647,spider
648,spirit
649,square
650,squeak
651,standard
652,stapler
653,starch
654,state
655,station
656,steam
657,stick
658,stimulus
659,story
660,stranger
661,street
662,stride
663,student
664,stupidity
665,subtraction
666,sugar
667,suggestion
668,suit
669,summer
670,supply
671,suspect
672,sword
673,synagogue
674,talent
675,tallness
676,tax
677,teacher
678,television
679,temperature
680,temple
681,tendency
682,tennis
683,tension
684,territory
685,theory
686,thief
687,thing
688,thorn
689,thought
690,three
691,tide
692,time
693,tip
694,toilet
695,tomato
696,tongue
697,tool
698,topic
699,towel
700,tradition
701,tragedy
702,translation
703,traveler
704,tree
705,truck
706,trumpet
707,trust
708,truth
709,tune
710,twig
711,typewriter
712,uncertainty
713,uncle
714,underworld
715,uniform
716,unit
717,unity
718,university
719,value
720,vapor
721,variety
722,verse
723,victim
724,view
725,vision
726,visitor
727,vocabulary
728,volcano
729,volt
730,volume
731,wage
732,wallet
733,want
734,waste
735,water
736,wave
737,weather
738,weight
739,willingness
740,window
741,winter
742,wisdom
743,wish
744,witness
745,wolf
746,woman
747,wood
748,worry
749,writing
750,youth
751,zoo
